id,anio,mes_num,mes,sitio_turistico,temporada,festividad,tiene_festividad,nacionalidad,num_visitantes,temperatura_promedio_c,precipitacion_mm,satisfaccion_1_5,gasto_promedio_soles,tipo_transporte
1,2019,1,Enero,Sillustani,Alta,Ninguna,0,Peruano,371,8.9,121.0,3.7,49.77,Transporte público
2,2019,1,Enero,Sillustani,Alta,Ninguna,0,Estadounidense,179,8.9,121.0,3.4,86.15,Tour organizado
3,2019,1,Enero,Sillustani,Alta,Ninguna,0,Europeo,234,8.9,121.0,3.6,114.04,Transporte público
4,2019,1,Enero,Sillustani,Alta,Ninguna,0,Asiático,92,8.9,121.0,3.4,82.36,Tour organizado
5,2019,1,Enero,Sillustani,Alta,Ninguna,0,Latinoamericano,157,8.9,121.0,3.2,61.98,Tour organizado
6,2019,1,Enero,Sillustani,Alta,Ninguna,0,Otro,51,8.9,121.0,4.0,72.16,Tour organizado
7,2019,1,Enero,Islas Uros,Alta,Ninguna,0,Peruano,1091,8.9,121.0,3.3,38.64,Lancha turística
8,2019,1,Enero,Islas Uros,Alta,Ninguna,0,Estadounidense,841,8.9,121.0,3.5,154.06,Lancha turística
9,2019,1,Enero,Islas Uros,Alta,Ninguna,0,Europeo,801,8.9,121.0,3.3,118.49,Lancha turística
10,2019,1,Enero,Islas Uros,Alta,Ninguna,0,Asiático,397,8.9,121.0,3.7,69.11,Lancha turística
11,2019,1,Enero,Islas Uros,Alta,Ninguna,0,Latinoamericano,427,8.9,121.0,4.0,78.86,Lancha turística
12,2019,1,Enero,Islas Uros,Alta,Ninguna,0,Otro,183,8.9,121.0,3.5,96.04,Lancha turística
13,2019,1,Enero,Isla Taquile,Alta,Ninguna,0,Peruano,489,8.9,121.0,3.3,56.79,Tour organizado
14,2019,1,Enero,Isla Taquile,Alta,Ninguna,0,Estadounidense,305,8.9,121.0,3.6,122.46,Lancha turística
15,2019,1,Enero,Isla Taquile,Alta,Ninguna,0,Europeo,399,8.9,121.0,3.4,142.31,Tour organizado
16,2019,1,Enero,Isla Taquile,Alta,Ninguna,0,Asiático,198,8.9,121.0,3.2,84.98,Lancha turística
17,2019,1,Enero,Isla Taquile,Alta,Ninguna,0,Latinoamericano,164,8.9,121.0,3.0,57.8,Lancha turística
18,2019,1,Enero,Isla Taquile,Alta,Ninguna,0,Otro,76,8.9,121.0,3.9,83.22,Tour organizado
19,2019,1,Enero,Cutimbo,Alta,Ninguna,0,Peruano,264,8.9,121.0,3.1,56.19,Transporte público
20,2019,1,Enero,Cutimbo,Alta,Ninguna,0,Estadounidense,46,8.9,121.0,2.8,137.64,Transporte propio
21,2019,1,Enero,Cutimbo,Alta,Ninguna,0,Europeo,74,8.9,121.0,3.1,115.51,Transporte propio
22,2019,1,Enero,Cutimbo,Alta,Ninguna,0,Asiático,20,8.9,121.0,3.7,95.54,Tour organizado
23,2019,1,Enero,Cutimbo,Alta,Ninguna,0,Latinoamericano,39,8.9,121.0,3.6,51.46,Transporte propio
24,2019,1,Enero,Cutimbo,Alta,Ninguna,0,Otro,25,8.9,121.0,3.1,59.05,Transporte público
25,2019,1,Enero,Pukara,Alta,Ninguna,0,Peruano,357,8.9,121.0,3.0,46.44,Tour organizado
26,2019,1,Enero,Pukara,Alta,Ninguna,0,Estadounidense,84,8.9,121.0,2.8,147.7,Transporte propio
27,2019,1,Enero,Pukara,Alta,Ninguna,0,Europeo,109,8.9,121.0,3.0,96.37,Transporte propio
28,2019,1,Enero,Pukara,Alta,Ninguna,0,Asiático,32,8.9,121.0,3.7,116.42,Transporte propio
29,2019,1,Enero,Pukara,Alta,Ninguna,0,Latinoamericano,62,8.9,121.0,3.5,65.3,Tour organizado
30,2019,1,Enero,Pukara,Alta,Ninguna,0,Otro,37,8.9,121.0,3.0,86.67,Transporte propio
31,2019,1,Enero,Aramu Muru,Alta,Ninguna,0,Peruano,130,8.9,121.0,3.2,52.52,Tour organizado
32,2019,1,Enero,Aramu Muru,Alta,Ninguna,0,Estadounidense,26,8.9,121.0,3.2,92.05,Transporte propio
33,2019,1,Enero,Aramu Muru,Alta,Ninguna,0,Europeo,37,8.9,121.0,3.5,97.3,Tour organizado
34,2019,1,Enero,Aramu Muru,Alta,Ninguna,0,Asiático,9,8.9,121.0,3.3,70.99,Transporte público
35,2019,1,Enero,Aramu Muru,Alta,Ninguna,0,Latinoamericano,19,8.9,121.0,3.7,66.28,Transporte propio
36,2019,1,Enero,Aramu Muru,Alta,Ninguna,0,Otro,9,8.9,121.0,3.2,82.39,Transporte propio
37,2019,2,Febrero,Sillustani,Alta,Fiesta de la Candelaria,1,Peruano,777,8.4,124.3,3.8,50.13,Tour organizado
38,2019,2,Febrero,Sillustani,Alta,Fiesta de la Candelaria,1,Estadounidense,327,8.4,124.3,3.7,110.89,Transporte público
39,2019,2,Febrero,Sillustani,Alta,Fiesta de la Candelaria,1,Europeo,408,8.4,124.3,3.2,81.23,Tour organizado
40,2019,2,Febrero,Sillustani,Alta,Fiesta de la Candelaria,1,Asiático,156,8.4,124.3,3.2,79.05,Tour organizado
41,2019,2,Febrero,Sillustani,Alta,Fiesta de la Candelaria,1,Latinoamericano,246,8.4,124.3,3.1,48.13,Tour organizado
42,2019,2,Febrero,Sillustani,Alta,Fiesta de la Candelaria,1,Otro,108,8.4,124.3,3.1,67.42,Transporte propio
43,2019,2,Febrero,Islas Uros,Alta,Fiesta de la Candelaria,1,Peruano,1216,8.4,124.3,3.9,46.92,Lancha turística
44,2019,2,Febrero,Islas Uros,Alta,Fiesta de la Candelaria,1,Estadounidense,853,8.4,124.3,3.5,113.31,Lancha turística
45,2019,2,Febrero,Islas Uros,Alta,Fiesta de la Candelaria,1,Europeo,996,8.4,124.3,3.4,104.96,Lancha turística
46,2019,2,Febrero,Islas Uros,Alta,Fiesta de la Candelaria,1,Asiático,544,8.4,124.3,3.1,103.75,Tour organizado
47,2019,2,Febrero,Islas Uros,Alta,Fiesta de la Candelaria,1,Latinoamericano,399,8.4,124.3,3.4,58.73,Lancha turística
48,2019,2,Febrero,Islas Uros,Alta,Fiesta de la Candelaria,1,Otro,213,8.4,124.3,3.2,77.53,Lancha turística
49,2019,2,Febrero,Isla Taquile,Alta,Fiesta de la Candelaria,1,Peruano,667,8.4,124.3,3.9,33.54,Tour organizado
50,2019,2,Febrero,Isla Taquile,Alta,Fiesta de la Candelaria,1,Estadounidense,378,8.4,124.3,3.7,122.92,Lancha turística
51,2019,2,Febrero,Isla Taquile,Alta,Fiesta de la Candelaria,1,Europeo,670,8.4,124.3,3.9,133.01,Lancha turística
52,2019,2,Febrero,Isla Taquile,Alta,Fiesta de la Candelaria,1,Asiático,217,8.4,124.3,3.5,115.79,Lancha turística
53,2019,2,Febrero,Isla Taquile,Alta,Fiesta de la Candelaria,1,Latinoamericano,195,8.4,124.3,3.0,60.73,Lancha turística
54,2019,2,Febrero,Isla Taquile,Alta,Fiesta de la Candelaria,1,Otro,103,8.4,124.3,3.7,91.06,Tour organizado
55,2019,2,Febrero,Cutimbo,Alta,Fiesta de la Candelaria,1,Peruano,357,8.4,124.3,2.9,37.38,Tour organizado
56,2019,2,Febrero,Cutimbo,Alta,Fiesta de la Candelaria,1,Estadounidense,80,8.4,124.3,3.2,137.85,Tour organizado
57,2019,2,Febrero,Cutimbo,Alta,Fiesta de la Candelaria,1,Europeo,80,8.4,124.3,3.2,137.68,Transporte propio
58,2019,2,Febrero,Cutimbo,Alta,Fiesta de la Candelaria,1,Asiático,26,8.4,124.3,3.2,115.03,Tour organizado
59,2019,2,Febrero,Cutimbo,Alta,Fiesta de la Candelaria,1,Latinoamericano,54,8.4,124.3,3.4,54.67,Tour organizado
60,2019,2,Febrero,Cutimbo,Alta,Fiesta de la Candelaria,1,Otro,38,8.4,124.3,3.3,83.79,Tour organizado
61,2019,2,Febrero,Pukara,Alta,Fiesta de la Candelaria,1,Peruano,458,8.4,124.3,3.3,45.62,Transporte propio
62,2019,2,Febrero,Pukara,Alta,Fiesta de la Candelaria,1,Estadounidense,91,8.4,124.3,3.4,101.19,Transporte público
63,2019,2,Febrero,Pukara,Alta,Fiesta de la Candelaria,1,Europeo,110,8.4,124.3,3.3,107.18,Tour organizado
64,2019,2,Febrero,Pukara,Alta,Fiesta de la Candelaria,1,Asiático,34,8.4,124.3,3.3,98.59,Tour organizado
65,2019,2,Febrero,Pukara,Alta,Fiesta de la Candelaria,1,Latinoamericano,57,8.4,124.3,2.9,55.84,Transporte propio
66,2019,2,Febrero,Pukara,Alta,Fiesta de la Candelaria,1,Otro,49,8.4,124.3,3.6,73.74,Transporte propio
67,2019,2,Febrero,Aramu Muru,Alta,Fiesta de la Candelaria,1,Peruano,171,8.4,124.3,3.0,58.06,Tour organizado
68,2019,2,Febrero,Aramu Muru,Alta,Fiesta de la Candelaria,1,Estadounidense,39,8.4,124.3,3.3,151.09,Tour organizado
69,2019,2,Febrero,Aramu Muru,Alta,Fiesta de la Candelaria,1,Europeo,53,8.4,124.3,2.8,84.62,Tour organizado
70,2019,2,Febrero,Aramu Muru,Alta,Fiesta de la Candelaria,1,Asiático,16,8.4,124.3,2.9,82.56,Transporte propio
71,2019,2,Febrero,Aramu Muru,Alta,Fiesta de la Candelaria,1,Latinoamericano,26,8.4,124.3,2.9,70.24,Transporte propio
72,2019,2,Febrero,Aramu Muru,Alta,Fiesta de la Candelaria,1,Otro,15,8.4,124.3,3.0,99.59,Tour organizado
73,2019,3,Marzo,Sillustani,Media,Ninguna,0,Peruano,209,6.8,106.9,4.0,48.7,Tour organizado
74,2019,3,Marzo,Sillustani,Media,Ninguna,0,Estadounidense,116,6.8,106.9,3.6,134.81,Transporte público
75,2019,3,Marzo,Sillustani,Media,Ninguna,0,Europeo,131,6.8,106.9,3.3,135.29,Tour organizado
76,2019,3,Marzo,Sillustani,Media,Ninguna,0,Asiático,60,6.8,106.9,4.0,99.7,Tour organizado
77,2019,3,Marzo,Sillustani,Media,Ninguna,0,Latinoamericano,87,6.8,106.9,3.2,59.72,Tour organizado
78,2019,3,Marzo,Sillustani,Media,Ninguna,0,Otro,43,6.8,106.9,3.4,67.98,Tour organizado
79,2019,3,Marzo,Islas Uros,Media,Ninguna,0,Peruano,734,6.8,106.9,4.1,57.79,Tour organizado
80,2019,3,Marzo,Islas Uros,Media,Ninguna,0,Estadounidense,411,6.8,106.9,4.1,146.25,Lancha turística
81,2019,3,Marzo,Islas Uros,Media,Ninguna,0,Europeo,688,6.8,106.9,3.2,125.61,Lancha turística
82,2019,3,Marzo,Islas Uros,Media,Ninguna,0,Asiático,265,6.8,106.9,3.6,104.68,Tour organizado
83,2019,3,Marzo,Islas Uros,Media,Ninguna,0,Latinoamericano,268,6.8,106.9,3.5,76.21,Lancha turística
84,2019,3,Marzo,Islas Uros,Media,Ninguna,0,Otro,113,6.8,106.9,3.2,78.59,Lancha turística
85,2019,3,Marzo,Isla Taquile,Media,Ninguna,0,Peruano,387,6.8,106.9,3.5,52.97,Lancha turística
86,2019,3,Marzo,Isla Taquile,Media,Ninguna,0,Estadounidense,233,6.8,106.9,3.9,112.69,Lancha turística
87,2019,3,Marzo,Isla Taquile,Media,Ninguna,0,Europeo,376,6.8,106.9,4.2,95.42,Tour organizado
88,2019,3,Marzo,Isla Taquile,Media,Ninguna,0,Asiático,131,6.8,106.9,3.9,114.59,Lancha turística
89,2019,3,Marzo,Isla Taquile,Media,Ninguna,0,Latinoamericano,154,6.8,106.9,3.3,83.35,Lancha turística
90,2019,3,Marzo,Isla Taquile,Media,Ninguna,0,Otro,67,6.8,106.9,4.2,57.84,Tour organizado
91,2019,3,Marzo,Cutimbo,Media,Ninguna,0,Peruano,176,6.8,106.9,3.2,47.87,Tour organizado
92,2019,3,Marzo,Cutimbo,Media,Ninguna,0,Estadounidense,33,6.8,106.9,3.5,102.34,Transporte público
93,2019,3,Marzo,Cutimbo,Media,Ninguna,0,Europeo,35,6.8,106.9,3.8,112.54,Transporte propio
94,2019,3,Marzo,Cutimbo,Media,Ninguna,0,Asiático,13,6.8,106.9,3.0,104.36,Transporte propio
95,2019,3,Marzo,Cutimbo,Media,Ninguna,0,Latinoamericano,24,6.8,106.9,3.6,50.36,Transporte propio
96,2019,3,Marzo,Cutimbo,Media,Ninguna,0,Otro,14,6.8,106.9,3.6,71.66,Transporte propio
97,2019,3,Marzo,Pukara,Media,Ninguna,0,Peruano,195,6.8,106.9,3.6,41.74,Transporte propio
98,2019,3,Marzo,Pukara,Media,Ninguna,0,Estadounidense,50,6.8,106.9,3.2,123.45,Tour organizado
99,2019,3,Marzo,Pukara,Media,Ninguna,0,Europeo,56,6.8,106.9,3.1,128.86,Transporte propio
100,2019,3,Marzo,Pukara,Media,Ninguna,0,Asiático,20,6.8,106.9,3.3,78.68,Transporte público
101,2019,3,Marzo,Pukara,Media,Ninguna,0,Latinoamericano,36,6.8,106.9,3.9,74.2,Tour organizado
102,2019,3,Marzo,Pukara,Media,Ninguna,0,Otro,18,6.8,106.9,3.6,85.72,Tour organizado
103,2019,3,Marzo,Aramu Muru,Media,Ninguna,0,Peruano,99,6.8,106.9,3.6,37.57,Transporte propio
104,2019,3,Marzo,Aramu Muru,Media,Ninguna,0,Estadounidense,16,6.8,106.9,2.9,154.84,Tour organizado
105,2019,3,Marzo,Aramu Muru,Media,Ninguna,0,Europeo,24,6.8,106.9,3.8,114.99,Transporte público
106,2019,3,Marzo,Aramu Muru,Media,Ninguna,0,Asiático,8,6.8,106.9,3.1,103.9,Tour organizado
107,2019,3,Marzo,Aramu Muru,Media,Ninguna,0,Latinoamericano,15,6.8,106.9,3.8,80.03,Transporte público
108,2019,3,Marzo,Aramu Muru,Media,Ninguna,0,Otro,7,6.8,106.9,3.7,89.4,Transporte público
109,2019,4,Abril,Sillustani,Media,Semana Santa,1,Peruano,394,5.2,35.0,4.3,49.52,Transporte público
110,2019,4,Abril,Sillustani,Media,Semana Santa,1,Estadounidense,214,5.2,35.0,4.5,148.18,Transporte público
111,2019,4,Abril,Sillustani,Media,Semana Santa,1,Europeo,284,5.2,35.0,4.4,105.16,Transporte público
112,2019,4,Abril,Sillustani,Media,Semana Santa,1,Asiático,89,5.2,35.0,3.7,115.61,Transporte propio
113,2019,4,Abril,Sillustani,Media,Semana Santa,1,Latinoamericano,124,5.2,35.0,3.7,70.37,Transporte público
114,2019,4,Abril,Sillustani,Media,Semana Santa,1,Otro,57,5.2,35.0,3.7,77.11,Tour organizado
115,2019,4,Abril,Islas Uros,Media,Semana Santa,1,Peruano,838,5.2,35.0,4.4,33.68,Lancha turística
116,2019,4,Abril,Islas Uros,Media,Semana Santa,1,Estadounidense,533,5.2,35.0,4.2,134.86,Lancha turística
117,2019,4,Abril,Islas Uros,Media,Semana Santa,1,Europeo,722,5.2,35.0,3.8,107.75,Lancha turística
118,2019,4,Abril,Islas Uros,Media,Semana Santa,1,Asiático,264,5.2,35.0,3.9,118.08,Tour organizado
119,2019,4,Abril,Islas Uros,Media,Semana Santa,1,Latinoamericano,352,5.2,35.0,3.5,79.85,Tour organizado
120,2019,4,Abril,Islas Uros,Media,Semana Santa,1,Otro,142,5.2,35.0,3.5,72.88,Lancha turística
121,2019,4,Abril,Isla Taquile,Media,Semana Santa,1,Peruano,611,5.2,35.0,3.9,51.68,Tour organizado
122,2019,4,Abril,Isla Taquile,Media,Semana Santa,1,Estadounidense,386,5.2,35.0,4.4,119.15,Lancha turística
123,2019,4,Abril,Isla Taquile,Media,Semana Santa,1,Europeo,420,5.2,35.0,3.5,99.18,Tour organizado
124,2019,4,Abril,Isla Taquile,Media,Semana Santa,1,Asiático,193,5.2,35.0,4.2,114.41,Lancha turística
125,2019,4,Abril,Isla Taquile,Media,Semana Santa,1,Latinoamericano,205,5.2,35.0,4.0,80.87,Tour organizado
126,2019,4,Abril,Isla Taquile,Media,Semana Santa,1,Otro,88,5.2,35.0,3.5,86.85,Lancha turística
127,2019,4,Abril,Cutimbo,Media,Semana Santa,1,Peruano,207,5.2,35.0,3.5,40.34,Transporte público
128,2019,4,Abril,Cutimbo,Media,Semana Santa,1,Estadounidense,48,5.2,35.0,4.0,111.3,Transporte público
129,2019,4,Abril,Cutimbo,Media,Semana Santa,1,Europeo,58,5.2,35.0,3.3,78.28,Tour organizado
130,2019,4,Abril,Cutimbo,Media,Semana Santa,1,Asiático,25,5.2,35.0,3.5,103.56,Tour organizado
131,2019,4,Abril,Cutimbo,Media,Semana Santa,1,Latinoamericano,38,5.2,35.0,4.1,53.28,Tour organizado
132,2019,4,Abril,Cutimbo,Media,Semana Santa,1,Otro,22,5.2,35.0,3.4,78.73,Tour organizado
133,2019,4,Abril,Pukara,Media,Semana Santa,1,Peruano,258,5.2,35.0,3.9,52.21,Transporte propio
134,2019,4,Abril,Pukara,Media,Semana Santa,1,Estadounidense,66,5.2,35.0,4.2,135.72,Transporte propio
135,2019,4,Abril,Pukara,Media,Semana Santa,1,Europeo,94,5.2,35.0,3.3,78.69,Transporte propio
136,2019,4,Abril,Pukara,Media,Semana Santa,1,Asiático,27,5.2,35.0,4.1,87.89,Transporte propio
137,2019,4,Abril,Pukara,Media,Semana Santa,1,Latinoamericano,35,5.2,35.0,3.9,69.96,Tour organizado
138,2019,4,Abril,Pukara,Media,Semana Santa,1,Otro,28,5.2,35.0,3.5,88.84,Tour organizado
139,2019,4,Abril,Aramu Muru,Media,Semana Santa,1,Peruano,119,5.2,35.0,3.2,45.88,Transporte propio
140,2019,4,Abril,Aramu Muru,Media,Semana Santa,1,Estadounidense,21,5.2,35.0,3.8,84.91,Transporte público
141,2019,4,Abril,Aramu Muru,Media,Semana Santa,1,Europeo,35,5.2,35.0,3.3,140.41,Transporte público
142,2019,4,Abril,Aramu Muru,Media,Semana Santa,1,Asiático,11,5.2,35.0,3.6,108.33,Transporte propio
143,2019,4,Abril,Aramu Muru,Media,Semana Santa,1,Latinoamericano,17,5.2,35.0,4.1,75.71,Transporte público
144,2019,4,Abril,Aramu Muru,Media,Semana Santa,1,Otro,10,5.2,35.0,3.9,68.88,Transporte propio
145,2019,5,Mayo,Sillustani,Baja,Ninguna,0,Peruano,167,4.5,0,4.0,47.98,Transporte propio
146,2019,5,Mayo,Sillustani,Baja,Ninguna,0,Estadounidense,89,4.5,0,4.0,107.4,Transporte propio
147,2019,5,Mayo,Sillustani,Baja,Ninguna,0,Europeo,103,4.5,0,4.3,99.46,Transporte público
148,2019,5,Mayo,Sillustani,Baja,Ninguna,0,Asiático,46,4.5,0,3.8,67.08,Tour organizado
149,2019,5,Mayo,Sillustani,Baja,Ninguna,0,Latinoamericano,53,4.5,0,4.2,64.55,Tour organizado
150,2019,5,Mayo,Sillustani,Baja,Ninguna,0,Otro,28,4.5,0,4.1,79.56,Tour organizado
151,2019,5,Mayo,Islas Uros,Baja,Ninguna,0,Peruano,350,4.5,0,4.2,39.77,Tour organizado
152,2019,5,Mayo,Islas Uros,Baja,Ninguna,0,Estadounidense,249,4.5,0,4.1,108.75,Tour organizado
153,2019,5,Mayo,Islas Uros,Baja,Ninguna,0,Europeo,335,4.5,0,3.9,106.95,Lancha turística
154,2019,5,Mayo,Islas Uros,Baja,Ninguna,0,Asiático,118,4.5,0,3.6,77.48,Lancha turística
155,2019,5,Mayo,Islas Uros,Baja,Ninguna,0,Latinoamericano,144,4.5,0,4.5,72.42,Lancha turística
156,2019,5,Mayo,Islas Uros,Baja,Ninguna,0,Otro,58,4.5,0,4.0,90.78,Tour organizado
157,2019,5,Mayo,Isla Taquile,Baja,Ninguna,0,Peruano,264,4.5,0,4.3,39.5,Lancha turística
158,2019,5,Mayo,Isla Taquile,Baja,Ninguna,0,Estadounidense,129,4.5,0,3.5,122.46,Lancha turística
159,2019,5,Mayo,Isla Taquile,Baja,Ninguna,0,Europeo,151,4.5,0,3.6,96.28,Lancha turística
160,2019,5,Mayo,Isla Taquile,Baja,Ninguna,0,Asiático,78,4.5,0,4.3,72.35,Lancha turística
161,2019,5,Mayo,Isla Taquile,Baja,Ninguna,0,Latinoamericano,76,4.5,0,4.0,62.68,Lancha turística
162,2019,5,Mayo,Isla Taquile,Baja,Ninguna,0,Otro,43,4.5,0,3.8,97.36,Lancha turística
163,2019,5,Mayo,Cutimbo,Baja,Ninguna,0,Peruano,104,4.5,0,3.3,48.5,Tour organizado
164,2019,5,Mayo,Cutimbo,Baja,Ninguna,0,Estadounidense,20,4.5,0,4.0,152.34,Tour organizado
165,2019,5,Mayo,Cutimbo,Baja,Ninguna,0,Europeo,35,4.5,0,3.3,127.45,Transporte propio
166,2019,5,Mayo,Cutimbo,Baja,Ninguna,0,Asiático,10,4.5,0,3.6,118.28,Transporte propio
167,2019,5,Mayo,Cutimbo,Baja,Ninguna,0,Latinoamericano,18,4.5,0,4.2,57.41,Tour organizado
168,2019,5,Mayo,Cutimbo,Baja,Ninguna,0,Otro,10,4.5,0,3.9,101.48,Transporte propio
169,2019,5,Mayo,Pukara,Baja,Ninguna,0,Peruano,124,4.5,0,3.3,37.98,Tour organizado
170,2019,5,Mayo,Pukara,Baja,Ninguna,0,Estadounidense,25,4.5,0,3.6,133.63,Transporte público
171,2019,5,Mayo,Pukara,Baja,Ninguna,0,Europeo,34,4.5,0,3.4,123.66,Transporte público
172,2019,5,Mayo,Pukara,Baja,Ninguna,0,Asiático,10,4.5,0,3.4,81.58,Transporte propio
173,2019,5,Mayo,Pukara,Baja,Ninguna,0,Latinoamericano,19,4.5,0,3.7,70.76,Transporte propio
174,2019,5,Mayo,Pukara,Baja,Ninguna,0,Otro,14,4.5,0,3.3,63.96,Transporte propio
175,2019,5,Mayo,Aramu Muru,Baja,Ninguna,0,Peruano,57,4.5,0,4.1,43.36,Transporte público
176,2019,5,Mayo,Aramu Muru,Baja,Ninguna,0,Estadounidense,11,4.5,0,3.9,151.87,Transporte público
177,2019,5,Mayo,Aramu Muru,Baja,Ninguna,0,Europeo,13,4.5,0,3.8,135.7,Transporte propio
178,2019,5,Mayo,Aramu Muru,Baja,Ninguna,0,Asiático,4,4.5,0,3.2,79.55,Tour organizado
179,2019,5,Mayo,Aramu Muru,Baja,Ninguna,0,Latinoamericano,8,4.5,0,3.9,56.01,Tour organizado
180,2019,5,Mayo,Aramu Muru,Baja,Ninguna,0,Otro,5,4.5,0,3.4,80.91,Transporte público
181,2019,6,Junio,Sillustani,Baja,Inti Raymi,1,Peruano,235,2.7,0,4.0,33.96,Tour organizado
182,2019,6,Junio,Sillustani,Baja,Inti Raymi,1,Estadounidense,110,2.7,0,3.8,91.53,Tour organizado
183,2019,6,Junio,Sillustani,Baja,Inti Raymi,1,Europeo,131,2.7,0,4.2,96.02,Transporte propio
184,2019,6,Junio,Sillustani,Baja,Inti Raymi,1,Asiático,57,2.7,0,4.1,92.43,Tour organizado
185,2019,6,Junio,Sillustani,Baja,Inti Raymi,1,Latinoamericano,69,2.7,0,3.6,75.63,Transporte público
186,2019,6,Junio,Sillustani,Baja,Inti Raymi,1,Otro,36,2.7,0,3.5,97.73,Transporte propio
187,2019,6,Junio,Islas Uros,Baja,Inti Raymi,1,Peruano,498,2.7,0,3.9,51.92,Tour organizado
188,2019,6,Junio,Islas Uros,Baja,Inti Raymi,1,Estadounidense,370,2.7,0,3.6,103.23,Lancha turística
189,2019,6,Junio,Islas Uros,Baja,Inti Raymi,1,Europeo,555,2.7,0,3.9,123.08,Lancha turística
190,2019,6,Junio,Islas Uros,Baja,Inti Raymi,1,Asiático,154,2.7,0,4.1,112.06,Tour organizado
191,2019,6,Junio,Islas Uros,Baja,Inti Raymi,1,Latinoamericano,163,2.7,0,4.1,67.04,Lancha turística
192,2019,6,Junio,Islas Uros,Baja,Inti Raymi,1,Otro,84,2.7,0,4.3,61.45,Lancha turística
193,2019,6,Junio,Isla Taquile,Baja,Inti Raymi,1,Peruano,252,2.7,0,4.4,39.38,Tour organizado
194,2019,6,Junio,Isla Taquile,Baja,Inti Raymi,1,Estadounidense,177,2.7,0,4.3,154.58,Lancha turística
195,2019,6,Junio,Isla Taquile,Baja,Inti Raymi,1,Europeo,240,2.7,0,3.6,89.58,Tour organizado
196,2019,6,Junio,Isla Taquile,Baja,Inti Raymi,1,Asiático,98,2.7,0,4.4,115.75,Lancha turística
197,2019,6,Junio,Isla Taquile,Baja,Inti Raymi,1,Latinoamericano,108,2.7,0,4.4,58.76,Tour organizado
198,2019,6,Junio,Isla Taquile,Baja,Inti Raymi,1,Otro,44,2.7,0,3.5,90.85,Tour organizado
199,2019,6,Junio,Cutimbo,Baja,Inti Raymi,1,Peruano,139,2.7,0,4.1,43.56,Transporte público
200,2019,6,Junio,Cutimbo,Baja,Inti Raymi,1,Estadounidense,26,2.7,0,3.8,123.13,Transporte público
201,2019,6,Junio,Cutimbo,Baja,Inti Raymi,1,Europeo,42,2.7,0,4.1,141.73,Transporte propio
202,2019,6,Junio,Cutimbo,Baja,Inti Raymi,1,Asiático,12,2.7,0,3.4,110.71,Tour organizado
203,2019,6,Junio,Cutimbo,Baja,Inti Raymi,1,Latinoamericano,17,2.7,0,3.7,81.12,Transporte público
204,2019,6,Junio,Cutimbo,Baja,Inti Raymi,1,Otro,11,2.7,0,3.9,95.4,Transporte propio
205,2019,6,Junio,Pukara,Baja,Inti Raymi,1,Peruano,139,2.7,0,3.7,47.43,Tour organizado
206,2019,6,Junio,Pukara,Baja,Inti Raymi,1,Estadounidense,42,2.7,0,3.6,121.87,Transporte público
207,2019,6,Junio,Pukara,Baja,Inti Raymi,1,Europeo,37,2.7,0,3.3,134.48,Transporte propio
208,2019,6,Junio,Pukara,Baja,Inti Raymi,1,Asiático,12,2.7,0,4.0,81.61,Transporte público
209,2019,6,Junio,Pukara,Baja,Inti Raymi,1,Latinoamericano,26,2.7,0,4.1,78.74,Transporte público
210,2019,6,Junio,Pukara,Baja,Inti Raymi,1,Otro,18,2.7,0,3.8,98.6,Transporte público
211,2019,6,Junio,Aramu Muru,Baja,Inti Raymi,1,Peruano,58,2.7,0,3.3,48.54,Transporte propio
212,2019,6,Junio,Aramu Muru,Baja,Inti Raymi,1,Estadounidense,18,2.7,0,3.9,115.25,Tour organizado
213,2019,6,Junio,Aramu Muru,Baja,Inti Raymi,1,Europeo,21,2.7,0,3.9,83.63,Transporte propio
214,2019,6,Junio,Aramu Muru,Baja,Inti Raymi,1,Asiático,7,2.7,0,4.1,69.12,Tour organizado
215,2019,6,Junio,Aramu Muru,Baja,Inti Raymi,1,Latinoamericano,9,2.7,0,3.6,51.18,Transporte público
216,2019,6,Junio,Aramu Muru,Baja,Inti Raymi,1,Otro,6,2.7,0,4.0,64.16,Tour organizado
217,2019,7,Julio,Sillustani,Alta,Fiestas Patrias,1,Peruano,613,1.3,0,3.9,37.77,Tour organizado
218,2019,7,Julio,Sillustani,Alta,Fiestas Patrias,1,Estadounidense,310,1.3,0,4.0,148.72,Transporte propio
219,2019,7,Julio,Sillustani,Alta,Fiestas Patrias,1,Europeo,448,1.3,0,4.0,87.43,Transporte propio
220,2019,7,Julio,Sillustani,Alta,Fiestas Patrias,1,Asiático,165,1.3,0,4.3,83.55,Transporte propio
221,2019,7,Julio,Sillustani,Alta,Fiestas Patrias,1,Latinoamericano,226,1.3,0,3.8,57.28,Transporte propio
222,2019,7,Julio,Sillustani,Alta,Fiestas Patrias,1,Otro,100,1.3,0,3.4,74.31,Tour organizado
223,2019,7,Julio,Islas Uros,Alta,Fiestas Patrias,1,Peruano,1909,1.3,0,3.6,57.9,Tour organizado
224,2019,7,Julio,Islas Uros,Alta,Fiestas Patrias,1,Estadounidense,1018,1.3,0,3.3,146.28,Tour organizado
225,2019,7,Julio,Islas Uros,Alta,Fiestas Patrias,1,Europeo,1580,1.3,0,4.2,126.18,Lancha turística
226,2019,7,Julio,Islas Uros,Alta,Fiestas Patrias,1,Asiático,590,1.3,0,3.5,112.21,Lancha turística
227,2019,7,Julio,Islas Uros,Alta,Fiestas Patrias,1,Latinoamericano,560,1.3,0,3.9,71.93,Tour organizado
228,2019,7,Julio,Islas Uros,Alta,Fiestas Patrias,1,Otro,294,1.3,0,4.0,62.57,Lancha turística
229,2019,7,Julio,Isla Taquile,Alta,Fiestas Patrias,1,Peruano,888,1.3,0,3.6,43.4,Tour organizado
230,2019,7,Julio,Isla Taquile,Alta,Fiestas Patrias,1,Estadounidense,529,1.3,0,3.4,149.49,Lancha turística
231,2019,7,Julio,Isla Taquile,Alta,Fiestas Patrias,1,Europeo,768,1.3,0,3.5,85.72,Tour organizado
232,2019,7,Julio,Isla Taquile,Alta,Fiestas Patrias,1,Asiático,321,1.3,0,3.7,95.1,Lancha turística
233,2019,7,Julio,Isla Taquile,Alta,Fiestas Patrias,1,Latinoamericano,316,1.3,0,3.6,77.66,Lancha turística
234,2019,7,Julio,Isla Taquile,Alta,Fiestas Patrias,1,Otro,166,1.3,0,3.6,97.78,Lancha turística
235,2019,7,Julio,Cutimbo,Alta,Fiestas Patrias,1,Peruano,282,1.3,0,3.8,37.59,Transporte público
236,2019,7,Julio,Cutimbo,Alta,Fiestas Patrias,1,Estadounidense,88,1.3,0,3.8,110.34,Transporte público
237,2019,7,Julio,Cutimbo,Alta,Fiestas Patrias,1,Europeo,74,1.3,0,3.5,107.02,Transporte propio
238,2019,7,Julio,Cutimbo,Alta,Fiestas Patrias,1,Asiático,31,1.3,0,3.8,120.1,Tour organizado
239,2019,7,Julio,Cutimbo,Alta,Fiestas Patrias,1,Latinoamericano,52,1.3,0,3.5,69.66,Transporte propio
240,2019,7,Julio,Cutimbo,Alta,Fiestas Patrias,1,Otro,36,1.3,0,3.2,59.03,Transporte público
241,2019,7,Julio,Pukara,Alta,Fiestas Patrias,1,Peruano,473,1.3,0,3.4,35.27,Tour organizado
242,2019,7,Julio,Pukara,Alta,Fiestas Patrias,1,Estadounidense,103,1.3,0,3.5,91.0,Transporte propio
243,2019,7,Julio,Pukara,Alta,Fiestas Patrias,1,Europeo,133,1.3,0,3.4,139.66,Transporte público
244,2019,7,Julio,Pukara,Alta,Fiestas Patrias,1,Asiático,48,1.3,0,3.7,116.97,Tour organizado
245,2019,7,Julio,Pukara,Alta,Fiestas Patrias,1,Latinoamericano,84,1.3,0,3.6,82.12,Transporte propio
246,2019,7,Julio,Pukara,Alta,Fiestas Patrias,1,Otro,37,1.3,0,3.4,77.28,Transporte propio
247,2019,7,Julio,Aramu Muru,Alta,Fiestas Patrias,1,Peruano,159,1.3,0,3.7,46.2,Transporte propio
248,2019,7,Julio,Aramu Muru,Alta,Fiestas Patrias,1,Estadounidense,34,1.3,0,3.3,153.71,Transporte público
249,2019,7,Julio,Aramu Muru,Alta,Fiestas Patrias,1,Europeo,43,1.3,0,3.2,119.21,Tour organizado
250,2019,7,Julio,Aramu Muru,Alta,Fiestas Patrias,1,Asiático,14,1.3,0,3.3,122.86,Transporte propio
251,2019,7,Julio,Aramu Muru,Alta,Fiestas Patrias,1,Latinoamericano,22,1.3,0,3.8,53.58,Transporte propio
252,2019,7,Julio,Aramu Muru,Alta,Fiestas Patrias,1,Otro,19,1.3,0,3.2,93.17,Tour organizado
253,2019,8,Agosto,Sillustani,Alta,Ninguna,0,Peruano,521,2.3,27.4,4.1,34.47,Tour organizado
254,2019,8,Agosto,Sillustani,Alta,Ninguna,0,Estadounidense,225,2.3,27.4,3.7,140.77,Transporte público
255,2019,8,Agosto,Sillustani,Alta,Ninguna,0,Europeo,299,2.3,27.4,3.5,80.46,Transporte propio
256,2019,8,Agosto,Sillustani,Alta,Ninguna,0,Asiático,118,2.3,27.4,4.0,93.65,Tour organizado
257,2019,8,Agosto,Sillustani,Alta,Ninguna,0,Latinoamericano,176,2.3,27.4,3.4,65.15,Transporte público
258,2019,8,Agosto,Sillustani,Alta,Ninguna,0,Otro,59,2.3,27.4,4.1,97.62,Transporte público
259,2019,8,Agosto,Islas Uros,Alta,Ninguna,0,Peruano,1192,2.3,27.4,3.3,58.46,Lancha turística
260,2019,8,Agosto,Islas Uros,Alta,Ninguna,0,Estadounidense,730,2.3,27.4,3.4,135.29,Lancha turística
261,2019,8,Agosto,Islas Uros,Alta,Ninguna,0,Europeo,779,2.3,27.4,3.4,117.15,Lancha turística
262,2019,8,Agosto,Islas Uros,Alta,Ninguna,0,Asiático,319,2.3,27.4,3.9,99.87,Tour organizado
263,2019,8,Agosto,Islas Uros,Alta,Ninguna,0,Latinoamericano,349,2.3,27.4,4.3,66.19,Lancha turística
264,2019,8,Agosto,Islas Uros,Alta,Ninguna,0,Otro,188,2.3,27.4,3.7,94.07,Lancha turística
265,2019,8,Agosto,Isla Taquile,Alta,Ninguna,0,Peruano,675,2.3,27.4,4.1,50.96,Lancha turística
266,2019,8,Agosto,Isla Taquile,Alta,Ninguna,0,Estadounidense,412,2.3,27.4,4.2,113.79,Lancha turística
267,2019,8,Agosto,Isla Taquile,Alta,Ninguna,0,Europeo,509,2.3,27.4,4.0,97.63,Lancha turística
268,2019,8,Agosto,Isla Taquile,Alta,Ninguna,0,Asiático,226,2.3,27.4,3.7,75.2,Lancha turística
269,2019,8,Agosto,Isla Taquile,Alta,Ninguna,0,Latinoamericano,175,2.3,27.4,4.1,49.14,Lancha turística
270,2019,8,Agosto,Isla Taquile,Alta,Ninguna,0,Otro,116,2.3,27.4,3.7,62.25,Lancha turística
271,2019,8,Agosto,Cutimbo,Alta,Ninguna,0,Peruano,277,2.3,27.4,3.3,34.8,Transporte propio
272,2019,8,Agosto,Cutimbo,Alta,Ninguna,0,Estadounidense,67,2.3,27.4,3.9,114.45,Tour organizado
273,2019,8,Agosto,Cutimbo,Alta,Ninguna,0,Europeo,87,2.3,27.4,3.6,100.21,Transporte propio
274,2019,8,Agosto,Cutimbo,Alta,Ninguna,0,Asiático,21,2.3,27.4,3.5,114.79,Transporte propio
275,2019,8,Agosto,Cutimbo,Alta,Ninguna,0,Latinoamericano,44,2.3,27.4,3.4,75.24,Transporte propio
276,2019,8,Agosto,Cutimbo,Alta,Ninguna,0,Otro,27,2.3,27.4,3.8,102.78,Tour organizado
277,2019,8,Agosto,Pukara,Alta,Ninguna,0,Peruano,385,2.3,27.4,3.7,32.28,Transporte propio
278,2019,8,Agosto,Pukara,Alta,Ninguna,0,Estadounidense,85,2.3,27.4,3.3,108.47,Tour organizado
279,2019,8,Agosto,Pukara,Alta,Ninguna,0,Europeo,86,2.3,27.4,3.1,120.38,Tour organizado
280,2019,8,Agosto,Pukara,Alta,Ninguna,0,Asiático,28,2.3,27.4,3.6,68.25,Transporte propio
281,2019,8,Agosto,Pukara,Alta,Ninguna,0,Latinoamericano,50,2.3,27.4,3.5,51.64,Transporte propio
282,2019,8,Agosto,Pukara,Alta,Ninguna,0,Otro,35,2.3,27.4,3.8,83.24,Tour organizado
283,2019,8,Agosto,Aramu Muru,Alta,Ninguna,0,Peruano,126,2.3,27.4,3.8,32.84,Tour organizado
284,2019,8,Agosto,Aramu Muru,Alta,Ninguna,0,Estadounidense,29,2.3,27.4,3.7,118.97,Transporte público
285,2019,8,Agosto,Aramu Muru,Alta,Ninguna,0,Europeo,38,2.3,27.4,3.2,110.81,Transporte propio
286,2019,8,Agosto,Aramu Muru,Alta,Ninguna,0,Asiático,12,2.3,27.4,3.3,105.17,Transporte público
287,2019,8,Agosto,Aramu Muru,Alta,Ninguna,0,Latinoamericano,21,2.3,27.4,3.3,54.1,Tour organizado
288,2019,8,Agosto,Aramu Muru,Alta,Ninguna,0,Otro,10,2.3,27.4,3.3,66.14,Transporte propio
289,2019,9,Septiembre,Sillustani,Media,Ninguna,0,Peruano,247,6.3,16.6,3.9,34.99,Transporte público
290,2019,9,Septiembre,Sillustani,Media,Ninguna,0,Estadounidense,137,6.3,16.6,4.0,144.0,Tour organizado
291,2019,9,Septiembre,Sillustani,Media,Ninguna,0,Europeo,129,6.3,16.6,4.4,79.79,Tour organizado
292,2019,9,Septiembre,Sillustani,Media,Ninguna,0,Asiático,55,6.3,16.6,3.6,84.34,Transporte propio
293,2019,9,Septiembre,Sillustani,Media,Ninguna,0,Latinoamericano,87,6.3,16.6,4.2,61.79,Tour organizado
294,2019,9,Septiembre,Sillustani,Media,Ninguna,0,Otro,34,6.3,16.6,4.5,64.25,Transporte público
295,2019,9,Septiembre,Islas Uros,Media,Ninguna,0,Peruano,797,6.3,16.6,3.9,43.29,Lancha turística
296,2019,9,Septiembre,Islas Uros,Media,Ninguna,0,Estadounidense,443,6.3,16.6,4.1,121.73,Lancha turística
297,2019,9,Septiembre,Islas Uros,Media,Ninguna,0,Europeo,709,6.3,16.6,4.2,91.62,Lancha turística
298,2019,9,Septiembre,Islas Uros,Media,Ninguna,0,Asiático,205,6.3,16.6,4.1,96.74,Lancha turística
299,2019,9,Septiembre,Islas Uros,Media,Ninguna,0,Latinoamericano,287,6.3,16.6,3.8,73.87,Tour organizado
300,2019,9,Septiembre,Islas Uros,Media,Ninguna,0,Otro,139,6.3,16.6,3.7,63.03,Lancha turística
301,2019,9,Septiembre,Isla Taquile,Media,Ninguna,0,Peruano,279,6.3,16.6,4.3,33.53,Tour organizado
302,2019,9,Septiembre,Isla Taquile,Media,Ninguna,0,Estadounidense,215,6.3,16.6,4.3,138.71,Lancha turística
303,2019,9,Septiembre,Isla Taquile,Media,Ninguna,0,Europeo,290,6.3,16.6,4.4,119.44,Tour organizado
304,2019,9,Septiembre,Isla Taquile,Media,Ninguna,0,Asiático,100,6.3,16.6,4.5,84.52,Lancha turística
305,2019,9,Septiembre,Isla Taquile,Media,Ninguna,0,Latinoamericano,89,6.3,16.6,3.9,57.31,Lancha turística
306,2019,9,Septiembre,Isla Taquile,Media,Ninguna,0,Otro,56,6.3,16.6,3.9,59.56,Lancha turística
307,2019,9,Septiembre,Cutimbo,Media,Ninguna,0,Peruano,133,6.3,16.6,4.0,33.57,Tour organizado
308,2019,9,Septiembre,Cutimbo,Media,Ninguna,0,Estadounidense,37,6.3,16.6,3.7,117.32,Tour organizado
309,2019,9,Septiembre,Cutimbo,Media,Ninguna,0,Europeo,43,6.3,16.6,4.0,120.02,Transporte propio
310,2019,9,Septiembre,Cutimbo,Media,Ninguna,0,Asiático,15,6.3,16.6,3.7,121.09,Transporte público
311,2019,9,Septiembre,Cutimbo,Media,Ninguna,0,Latinoamericano,19,6.3,16.6,4.1,58.89,Tour organizado
312,2019,9,Septiembre,Cutimbo,Media,Ninguna,0,Otro,14,6.3,16.6,3.4,67.89,Transporte público
313,2019,9,Septiembre,Pukara,Media,Ninguna,0,Peruano,254,6.3,16.6,3.8,41.33,Transporte propio
314,2019,9,Septiembre,Pukara,Media,Ninguna,0,Estadounidense,52,6.3,16.6,4.0,132.88,Tour organizado
315,2019,9,Septiembre,Pukara,Media,Ninguna,0,Europeo,76,6.3,16.6,3.8,81.35,Tour organizado
316,2019,9,Septiembre,Pukara,Media,Ninguna,0,Asiático,23,6.3,16.6,3.6,80.86,Transporte propio
317,2019,9,Septiembre,Pukara,Media,Ninguna,0,Latinoamericano,34,6.3,16.6,3.8,51.02,Transporte propio
318,2019,9,Septiembre,Pukara,Media,Ninguna,0,Otro,21,6.3,16.6,3.9,87.78,Transporte propio
319,2019,9,Septiembre,Aramu Muru,Media,Ninguna,0,Peruano,99,6.3,16.6,3.5,41.67,Transporte propio
320,2019,9,Septiembre,Aramu Muru,Media,Ninguna,0,Estadounidense,20,6.3,16.6,3.9,143.69,Tour organizado
321,2019,9,Septiembre,Aramu Muru,Media,Ninguna,0,Europeo,24,6.3,16.6,3.6,100.88,Transporte propio
322,2019,9,Septiembre,Aramu Muru,Media,Ninguna,0,Asiático,7,6.3,16.6,4.2,85.98,Transporte público
323,2019,9,Septiembre,Aramu Muru,Media,Ninguna,0,Latinoamericano,10,6.3,16.6,4.2,51.54,Transporte propio
324,2019,9,Septiembre,Aramu Muru,Media,Ninguna,0,Otro,8,6.3,16.6,3.3,93.0,Tour organizado
325,2019,10,Octubre,Sillustani,Media,Ninguna,0,Peruano,301,8.0,65.1,3.7,36.38,Transporte público
326,2019,10,Octubre,Sillustani,Media,Ninguna,0,Estadounidense,167,8.0,65.1,3.7,115.51,Transporte propio
327,2019,10,Octubre,Sillustani,Media,Ninguna,0,Europeo,172,8.0,65.1,4.2,140.99,Transporte público
328,2019,10,Octubre,Sillustani,Media,Ninguna,0,Asiático,60,8.0,65.1,4.2,92.09,Transporte público
329,2019,10,Octubre,Sillustani,Media,Ninguna,0,Latinoamericano,88,8.0,65.1,4.5,76.09,Tour organizado
330,2019,10,Octubre,Sillustani,Media,Ninguna,0,Otro,39,8.0,65.1,4.4,103.25,Transporte propio
331,2019,10,Octubre,Islas Uros,Media,Ninguna,0,Peruano,900,8.0,65.1,4.0,42.8,Lancha turística
332,2019,10,Octubre,Islas Uros,Media,Ninguna,0,Estadounidense,608,8.0,65.1,4.3,93.96,Lancha turística
333,2019,10,Octubre,Islas Uros,Media,Ninguna,0,Europeo,554,8.0,65.1,4.0,101.5,Lancha turística
334,2019,10,Octubre,Islas Uros,Media,Ninguna,0,Asiático,293,8.0,65.1,4.0,73.61,Lancha turística
335,2019,10,Octubre,Islas Uros,Media,Ninguna,0,Latinoamericano,298,8.0,65.1,3.8,80.81,Lancha turística
336,2019,10,Octubre,Islas Uros,Media,Ninguna,0,Otro,152,8.0,65.1,3.6,99.7,Lancha turística
337,2019,10,Octubre,Isla Taquile,Media,Ninguna,0,Peruano,470,8.0,65.1,3.9,42.2,Lancha turística
338,2019,10,Octubre,Isla Taquile,Media,Ninguna,0,Estadounidense,239,8.0,65.1,4.5,110.99,Lancha turística
339,2019,10,Octubre,Isla Taquile,Media,Ninguna,0,Europeo,310,8.0,65.1,3.6,124.17,Lancha turística
340,2019,10,Octubre,Isla Taquile,Media,Ninguna,0,Asiático,149,8.0,65.1,3.6,82.85,Lancha turística
341,2019,10,Octubre,Isla Taquile,Media,Ninguna,0,Latinoamericano,144,8.0,65.1,3.6,73.02,Lancha turística
342,2019,10,Octubre,Isla Taquile,Media,Ninguna,0,Otro,69,8.0,65.1,4.4,56.91,Lancha turística
343,2019,10,Octubre,Cutimbo,Media,Ninguna,0,Peruano,185,8.0,65.1,3.9,45.75,Tour organizado
344,2019,10,Octubre,Cutimbo,Media,Ninguna,0,Estadounidense,43,8.0,65.1,3.4,92.77,Transporte propio
345,2019,10,Octubre,Cutimbo,Media,Ninguna,0,Europeo,47,8.0,65.1,4.0,107.17,Tour organizado
346,2019,10,Octubre,Cutimbo,Media,Ninguna,0,Asiático,18,8.0,65.1,3.7,97.06,Transporte propio
347,2019,10,Octubre,Cutimbo,Media,Ninguna,0,Latinoamericano,28,8.0,65.1,3.5,45.56,Transporte propio
348,2019,10,Octubre,Cutimbo,Media,Ninguna,0,Otro,14,8.0,65.1,3.6,87.89,Tour organizado
349,2019,10,Octubre,Pukara,Media,Ninguna,0,Peruano,208,8.0,65.1,4.2,46.19,Tour organizado
350,2019,10,Octubre,Pukara,Media,Ninguna,0,Estadounidense,46,8.0,65.1,3.7,129.77,Transporte propio
351,2019,10,Octubre,Pukara,Media,Ninguna,0,Europeo,54,8.0,65.1,3.2,129.04,Transporte propio
352,2019,10,Octubre,Pukara,Media,Ninguna,0,Asiático,18,8.0,65.1,3.9,72.41,Transporte propio
353,2019,10,Octubre,Pukara,Media,Ninguna,0,Latinoamericano,27,8.0,65.1,3.6,58.7,Transporte propio
354,2019,10,Octubre,Pukara,Media,Ninguna,0,Otro,22,8.0,65.1,3.9,103.08,Transporte público
355,2019,10,Octubre,Aramu Muru,Media,Ninguna,0,Peruano,95,8.0,65.1,3.3,52.46,Transporte público
356,2019,10,Octubre,Aramu Muru,Media,Ninguna,0,Estadounidense,15,8.0,65.1,3.4,140.96,Tour organizado
357,2019,10,Octubre,Aramu Muru,Media,Ninguna,0,Europeo,21,8.0,65.1,3.5,103.28,Transporte público
358,2019,10,Octubre,Aramu Muru,Media,Ninguna,0,Asiático,6,8.0,65.1,4.0,77.39,Transporte propio
359,2019,10,Octubre,Aramu Muru,Media,Ninguna,0,Latinoamericano,14,8.0,65.1,3.2,71.07,Transporte propio
360,2019,10,Octubre,Aramu Muru,Media,Ninguna,0,Otro,6,8.0,65.1,3.6,98.7,Transporte público
361,2019,11,Noviembre,Sillustani,Baja,Todos los Santos,1,Peruano,248,9.2,65.5,4.0,56.46,Transporte público
362,2019,11,Noviembre,Sillustani,Baja,Todos los Santos,1,Estadounidense,116,9.2,65.5,3.6,114.56,Transporte propio
363,2019,11,Noviembre,Sillustani,Baja,Todos los Santos,1,Europeo,163,9.2,65.5,4.3,113.0,Tour organizado
364,2019,11,Noviembre,Sillustani,Baja,Todos los Santos,1,Asiático,47,9.2,65.5,3.8,83.35,Transporte propio
365,2019,11,Noviembre,Sillustani,Baja,Todos los Santos,1,Latinoamericano,88,9.2,65.5,3.9,72.4,Tour organizado
366,2019,11,Noviembre,Sillustani,Baja,Todos los Santos,1,Otro,34,9.2,65.5,4.2,99.76,Transporte público
367,2019,11,Noviembre,Islas Uros,Baja,Todos los Santos,1,Peruano,611,9.2,65.5,4.5,57.09,Lancha turística
368,2019,11,Noviembre,Islas Uros,Baja,Todos los Santos,1,Estadounidense,478,9.2,65.5,3.9,120.94,Tour organizado
369,2019,11,Noviembre,Islas Uros,Baja,Todos los Santos,1,Europeo,600,9.2,65.5,4.5,86.42,Tour organizado
370,2019,11,Noviembre,Islas Uros,Baja,Todos los Santos,1,Asiático,240,9.2,65.5,3.9,73.7,Lancha turística
371,2019,11,Noviembre,Islas Uros,Baja,Todos los Santos,1,Latinoamericano,249,9.2,65.5,3.9,60.43,Tour organizado
372,2019,11,Noviembre,Islas Uros,Baja,Todos los Santos,1,Otro,91,9.2,65.5,3.7,77.6,Lancha turística
373,2019,11,Noviembre,Isla Taquile,Baja,Todos los Santos,1,Peruano,298,9.2,65.5,4.1,45.8,Lancha turística
374,2019,11,Noviembre,Isla Taquile,Baja,Todos los Santos,1,Estadounidense,166,9.2,65.5,3.8,153.16,Lancha turística
375,2019,11,Noviembre,Isla Taquile,Baja,Todos los Santos,1,Europeo,246,9.2,65.5,4.0,102.54,Tour organizado
376,2019,11,Noviembre,Isla Taquile,Baja,Todos los Santos,1,Asiático,76,9.2,65.5,4.3,106.63,Lancha turística
377,2019,11,Noviembre,Isla Taquile,Baja,Todos los Santos,1,Latinoamericano,107,9.2,65.5,3.8,81.24,Lancha turística
378,2019,11,Noviembre,Isla Taquile,Baja,Todos los Santos,1,Otro,39,9.2,65.5,3.6,59.55,Lancha turística
379,2019,11,Noviembre,Cutimbo,Baja,Todos los Santos,1,Peruano,140,9.2,65.5,3.3,49.91,Transporte propio
380,2019,11,Noviembre,Cutimbo,Baja,Todos los Santos,1,Estadounidense,33,9.2,65.5,3.9,123.6,Transporte propio
381,2019,11,Noviembre,Cutimbo,Baja,Todos los Santos,1,Europeo,45,9.2,65.5,4.1,123.98,Transporte propio
382,2019,11,Noviembre,Cutimbo,Baja,Todos los Santos,1,Asiático,14,9.2,65.5,3.7,73.42,Transporte propio
383,2019,11,Noviembre,Cutimbo,Baja,Todos los Santos,1,Latinoamericano,23,9.2,65.5,3.4,64.77,Transporte propio
384,2019,11,Noviembre,Cutimbo,Baja,Todos los Santos,1,Otro,13,9.2,65.5,3.6,94.58,Transporte propio
385,2019,11,Noviembre,Pukara,Baja,Todos los Santos,1,Peruano,147,9.2,65.5,3.5,58.49,Transporte público
386,2019,11,Noviembre,Pukara,Baja,Todos los Santos,1,Estadounidense,39,9.2,65.5,4.0,143.28,Tour organizado
387,2019,11,Noviembre,Pukara,Baja,Todos los Santos,1,Europeo,41,9.2,65.5,3.5,81.89,Transporte público
388,2019,11,Noviembre,Pukara,Baja,Todos los Santos,1,Asiático,17,9.2,65.5,3.5,116.54,Transporte propio
389,2019,11,Noviembre,Pukara,Baja,Todos los Santos,1,Latinoamericano,28,9.2,65.5,3.3,65.11,Tour organizado
390,2019,11,Noviembre,Pukara,Baja,Todos los Santos,1,Otro,18,9.2,65.5,3.7,70.6,Transporte propio
391,2019,11,Noviembre,Aramu Muru,Baja,Todos los Santos,1,Peruano,65,9.2,65.5,3.5,56.9,Transporte propio
392,2019,11,Noviembre,Aramu Muru,Baja,Todos los Santos,1,Estadounidense,15,9.2,65.5,3.5,129.72,Transporte propio
393,2019,11,Noviembre,Aramu Muru,Baja,Todos los Santos,1,Europeo,14,9.2,65.5,3.5,112.21,Transporte propio
394,2019,11,Noviembre,Aramu Muru,Baja,Todos los Santos,1,Asiático,5,9.2,65.5,3.8,76.26,Transporte propio
395,2019,11,Noviembre,Aramu Muru,Baja,Todos los Santos,1,Latinoamericano,10,9.2,65.5,3.8,77.68,Tour organizado
396,2019,11,Noviembre,Aramu Muru,Baja,Todos los Santos,1,Otro,4,9.2,65.5,4.1,93.01,Transporte propio
397,2019,12,Diciembre,Sillustani,Alta,Navidad,1,Peruano,599,9.0,120.7,3.5,48.43,Tour organizado
398,2019,12,Diciembre,Sillustani,Alta,Navidad,1,Estadounidense,308,9.0,120.7,3.3,101.63,Transporte propio
399,2019,12,Diciembre,Sillustani,Alta,Navidad,1,Europeo,327,9.0,120.7,3.1,80.95,Transporte propio
400,2019,12,Diciembre,Sillustani,Alta,Navidad,1,Asiático,125,9.0,120.7,3.5,85.89,Tour organizado
401,2019,12,Diciembre,Sillustani,Alta,Navidad,1,Latinoamericano,180,9.0,120.7,3.7,74.13,Tour organizado
402,2019,12,Diciembre,Sillustani,Alta,Navidad,1,Otro,96,9.0,120.7,3.1,73.79,Transporte público
403,2019,12,Diciembre,Islas Uros,Alta,Navidad,1,Peruano,1233,9.0,120.7,3.1,43.64,Lancha turística
404,2019,12,Diciembre,Islas Uros,Alta,Navidad,1,Estadounidense,769,9.0,120.7,3.3,111.66,Tour organizado
405,2019,12,Diciembre,Islas Uros,Alta,Navidad,1,Europeo,1108,9.0,120.7,4.0,136.55,Lancha turística
406,2019,12,Diciembre,Islas Uros,Alta,Navidad,1,Asiático,538,9.0,120.7,3.7,77.32,Lancha turística
407,2019,12,Diciembre,Islas Uros,Alta,Navidad,1,Latinoamericano,458,9.0,120.7,3.5,64.95,Lancha turística
408,2019,12,Diciembre,Islas Uros,Alta,Navidad,1,Otro,229,9.0,120.7,3.1,74.88,Lancha turística
409,2019,12,Diciembre,Isla Taquile,Alta,Navidad,1,Peruano,756,9.0,120.7,3.4,32.86,Lancha turística
410,2019,12,Diciembre,Isla Taquile,Alta,Navidad,1,Estadounidense,591,9.0,120.7,3.8,132.42,Lancha turística
411,2019,12,Diciembre,Isla Taquile,Alta,Navidad,1,Europeo,721,9.0,120.7,3.8,105.44,Lancha turística
412,2019,12,Diciembre,Isla Taquile,Alta,Navidad,1,Asiático,310,9.0,120.7,3.8,87.36,Lancha turística
413,2019,12,Diciembre,Isla Taquile,Alta,Navidad,1,Latinoamericano,233,9.0,120.7,3.6,59.64,Lancha turística
414,2019,12,Diciembre,Isla Taquile,Alta,Navidad,1,Otro,117,9.0,120.7,3.5,92.69,Lancha turística
415,2019,12,Diciembre,Cutimbo,Alta,Navidad,1,Peruano,394,9.0,120.7,3.3,34.97,Tour organizado
416,2019,12,Diciembre,Cutimbo,Alta,Navidad,1,Estadounidense,78,9.0,120.7,3.5,108.41,Transporte propio
417,2019,12,Diciembre,Cutimbo,Alta,Navidad,1,Europeo,113,9.0,120.7,2.9,110.6,Tour organizado
418,2019,12,Diciembre,Cutimbo,Alta,Navidad,1,Asiático,27,9.0,120.7,2.8,85.48,Transporte público
419,2019,12,Diciembre,Cutimbo,Alta,Navidad,1,Latinoamericano,55,9.0,120.7,2.8,80.33,Transporte propio
420,2019,12,Diciembre,Cutimbo,Alta,Navidad,1,Otro,31,9.0,120.7,3.3,63.8,Transporte propio
421,2019,12,Diciembre,Pukara,Alta,Navidad,1,Peruano,471,9.0,120.7,3.2,44.73,Transporte propio
422,2019,12,Diciembre,Pukara,Alta,Navidad,1,Estadounidense,101,9.0,120.7,2.7,107.85,Tour organizado
423,2019,12,Diciembre,Pukara,Alta,Navidad,1,Europeo,152,9.0,120.7,3.3,129.59,Tour organizado
424,2019,12,Diciembre,Pukara,Alta,Navidad,1,Asiático,44,9.0,120.7,3.0,103.87,Transporte propio
425,2019,12,Diciembre,Pukara,Alta,Navidad,1,Latinoamericano,74,9.0,120.7,3.3,52.15,Transporte público
426,2019,12,Diciembre,Pukara,Alta,Navidad,1,Otro,36,9.0,120.7,3.4,57.52,Tour organizado
427,2019,12,Diciembre,Aramu Muru,Alta,Navidad,1,Peruano,151,9.0,120.7,3.1,42.65,Transporte propio
428,2019,12,Diciembre,Aramu Muru,Alta,Navidad,1,Estadounidense,32,9.0,120.7,3.5,150.28,Tour organizado
429,2019,12,Diciembre,Aramu Muru,Alta,Navidad,1,Europeo,45,9.0,120.7,3.2,114.02,Transporte público
430,2019,12,Diciembre,Aramu Muru,Alta,Navidad,1,Asiático,14,9.0,120.7,3.0,76.37,Transporte propio
431,2019,12,Diciembre,Aramu Muru,Alta,Navidad,1,Latinoamericano,23,9.0,120.7,3.4,79.34,Transporte propio
432,2019,12,Diciembre,Aramu Muru,Alta,Navidad,1,Otro,14,9.0,120.7,2.9,67.83,Transporte propio
433,2020,1,Enero,Sillustani,Alta,Ninguna,0,Peruano,57,7.7,158.9,3.2,50.53,Tour organizado
434,2020,1,Enero,Sillustani,Alta,Ninguna,0,Estadounidense,32,7.7,158.9,3.6,151.28,Tour organizado
435,2020,1,Enero,Sillustani,Alta,Ninguna,0,Europeo,36,7.7,158.9,3.6,112.85,Transporte propio
436,2020,1,Enero,Sillustani,Alta,Ninguna,0,Asiático,16,7.7,158.9,4.0,112.36,Tour organizado
437,2020,1,Enero,Sillustani,Alta,Ninguna,0,Latinoamericano,17,7.7,158.9,4.0,48.58,Transporte propio
438,2020,1,Enero,Sillustani,Alta,Ninguna,0,Otro,9,7.7,158.9,3.7,66.27,Transporte público
439,2020,1,Enero,Islas Uros,Alta,Ninguna,0,Peruano,171,7.7,158.9,3.3,34.45,Tour organizado
440,2020,1,Enero,Islas Uros,Alta,Ninguna,0,Estadounidense,115,7.7,158.9,3.2,132.23,Tour organizado
441,2020,1,Enero,Islas Uros,Alta,Ninguna,0,Europeo,124,7.7,158.9,3.2,83.61,Lancha turística
442,2020,1,Enero,Islas Uros,Alta,Ninguna,0,Asiático,60,7.7,158.9,3.1,110.43,Lancha turística
443,2020,1,Enero,Islas Uros,Alta,Ninguna,0,Latinoamericano,66,7.7,158.9,4.0,51.66,Tour organizado
444,2020,1,Enero,Islas Uros,Alta,Ninguna,0,Otro,32,7.7,158.9,3.9,78.92,Lancha turística
445,2020,1,Enero,Isla Taquile,Alta,Ninguna,0,Peruano,85,7.7,158.9,3.3,33.1,Lancha turística
446,2020,1,Enero,Isla Taquile,Alta,Ninguna,0,Estadounidense,65,7.7,158.9,3.2,137.19,Lancha turística
447,2020,1,Enero,Isla Taquile,Alta,Ninguna,0,Europeo,90,7.7,158.9,3.2,135.23,Lancha turística
448,2020,1,Enero,Isla Taquile,Alta,Ninguna,0,Asiático,36,7.7,158.9,3.0,114.16,Lancha turística
449,2020,1,Enero,Isla Taquile,Alta,Ninguna,0,Latinoamericano,27,7.7,158.9,3.7,79.52,Lancha turística
450,2020,1,Enero,Isla Taquile,Alta,Ninguna,0,Otro,17,7.7,158.9,3.0,83.26,Lancha turística
451,2020,1,Enero,Cutimbo,Alta,Ninguna,0,Peruano,41,7.7,158.9,3.2,48.82,Transporte público
452,2020,1,Enero,Cutimbo,Alta,Ninguna,0,Estadounidense,11,7.7,158.9,2.8,120.3,Transporte propio
453,2020,1,Enero,Cutimbo,Alta,Ninguna,0,Europeo,10,7.7,158.9,2.8,87.72,Transporte público
454,2020,1,Enero,Cutimbo,Alta,Ninguna,0,Asiático,4,7.7,158.9,3.4,67.3,Transporte propio
455,2020,1,Enero,Cutimbo,Alta,Ninguna,0,Latinoamericano,7,7.7,158.9,3.3,75.03,Transporte propio
456,2020,1,Enero,Cutimbo,Alta,Ninguna,0,Otro,4,7.7,158.9,3.3,75.46,Transporte público
457,2020,1,Enero,Pukara,Alta,Ninguna,0,Peruano,44,7.7,158.9,3.4,36.49,Transporte propio
458,2020,1,Enero,Pukara,Alta,Ninguna,0,Estadounidense,11,7.7,158.9,3.6,84.49,Transporte público
459,2020,1,Enero,Pukara,Alta,Ninguna,0,Europeo,12,7.7,158.9,3.5,139.97,Transporte propio
460,2020,1,Enero,Pukara,Alta,Ninguna,0,Asiático,4,7.7,158.9,3.3,81.41,Transporte propio
461,2020,1,Enero,Pukara,Alta,Ninguna,0,Latinoamericano,8,7.7,158.9,2.8,50.11,Transporte propio
462,2020,1,Enero,Pukara,Alta,Ninguna,0,Otro,4,7.7,158.9,3.4,100.31,Transporte propio
463,2020,1,Enero,Aramu Muru,Alta,Ninguna,0,Peruano,22,7.7,158.9,3.6,41.42,Transporte propio
464,2020,1,Enero,Aramu Muru,Alta,Ninguna,0,Estadounidense,4,7.7,158.9,2.8,95.03,Transporte propio
465,2020,1,Enero,Aramu Muru,Alta,Ninguna,0,Europeo,5,7.7,158.9,3.2,108.07,Transporte propio
466,2020,1,Enero,Aramu Muru,Alta,Ninguna,0,Asiático,2,7.7,158.9,3.4,100.46,Tour organizado
467,2020,1,Enero,Aramu Muru,Alta,Ninguna,0,Latinoamericano,3,7.7,158.9,3.2,59.61,Tour organizado
468,2020,1,Enero,Aramu Muru,Alta,Ninguna,0,Otro,1,7.7,158.9,3.2,80.26,Transporte propio
469,2020,2,Febrero,Sillustani,Alta,Fiesta de la Candelaria,1,Peruano,91,7.3,134.2,3.7,44.7,Transporte público
470,2020,2,Febrero,Sillustani,Alta,Fiesta de la Candelaria,1,Estadounidense,43,7.3,134.2,3.1,93.5,Transporte propio
471,2020,2,Febrero,Sillustani,Alta,Fiesta de la Candelaria,1,Europeo,52,7.3,134.2,3.1,107.52,Tour organizado
472,2020,2,Febrero,Sillustani,Alta,Fiesta de la Candelaria,1,Asiático,21,7.3,134.2,3.4,113.04,Tour organizado
473,2020,2,Febrero,Sillustani,Alta,Fiesta de la Candelaria,1,Latinoamericano,30,7.3,134.2,3.0,58.94,Tour organizado
474,2020,2,Febrero,Sillustani,Alta,Fiesta de la Candelaria,1,Otro,12,7.3,134.2,3.1,98.92,Transporte propio
475,2020,2,Febrero,Islas Uros,Alta,Fiesta de la Candelaria,1,Peruano,193,7.3,134.2,3.8,52.18,Tour organizado
476,2020,2,Febrero,Islas Uros,Alta,Fiesta de la Candelaria,1,Estadounidense,141,7.3,134.2,3.4,155.49,Lancha turística
477,2020,2,Febrero,Islas Uros,Alta,Fiesta de la Candelaria,1,Europeo,164,7.3,134.2,3.9,101.91,Lancha turística
478,2020,2,Febrero,Islas Uros,Alta,Fiesta de la Candelaria,1,Asiático,71,7.3,134.2,3.7,97.24,Tour organizado
479,2020,2,Febrero,Islas Uros,Alta,Fiesta de la Candelaria,1,Latinoamericano,76,7.3,134.2,3.1,84.22,Lancha turística
480,2020,2,Febrero,Islas Uros,Alta,Fiesta de la Candelaria,1,Otro,33,7.3,134.2,3.7,66.69,Lancha turística
481,2020,2,Febrero,Isla Taquile,Alta,Fiesta de la Candelaria,1,Peruano,144,7.3,134.2,3.5,50.92,Lancha turística
482,2020,2,Febrero,Isla Taquile,Alta,Fiesta de la Candelaria,1,Estadounidense,81,7.3,134.2,3.8,101.82,Lancha turística
483,2020,2,Febrero,Isla Taquile,Alta,Fiesta de la Candelaria,1,Europeo,86,7.3,134.2,3.2,134.76,Lancha turística
484,2020,2,Febrero,Isla Taquile,Alta,Fiesta de la Candelaria,1,Asiático,32,7.3,134.2,3.7,101.55,Lancha turística
485,2020,2,Febrero,Isla Taquile,Alta,Fiesta de la Candelaria,1,Latinoamericano,36,7.3,134.2,3.1,68.66,Lancha turística
486,2020,2,Febrero,Isla Taquile,Alta,Fiesta de la Candelaria,1,Otro,20,7.3,134.2,3.7,58.34,Tour organizado
487,2020,2,Febrero,Cutimbo,Alta,Fiesta de la Candelaria,1,Peruano,42,7.3,134.2,3.2,51.87,Tour organizado
488,2020,2,Febrero,Cutimbo,Alta,Fiesta de la Candelaria,1,Estadounidense,8,7.3,134.2,3.7,100.86,Transporte propio
489,2020,2,Febrero,Cutimbo,Alta,Fiesta de la Candelaria,1,Europeo,12,7.3,134.2,3.5,131.01,Transporte propio
490,2020,2,Febrero,Cutimbo,Alta,Fiesta de la Candelaria,1,Asiático,3,7.3,134.2,2.8,104.13,Transporte propio
491,2020,2,Febrero,Cutimbo,Alta,Fiesta de la Candelaria,1,Latinoamericano,6,7.3,134.2,3.0,67.21,Transporte propio
492,2020,2,Febrero,Cutimbo,Alta,Fiesta de la Candelaria,1,Otro,4,7.3,134.2,3.1,79.79,Transporte propio
493,2020,2,Febrero,Pukara,Alta,Fiesta de la Candelaria,1,Peruano,82,7.3,134.2,3.5,40.11,Transporte público
494,2020,2,Febrero,Pukara,Alta,Fiesta de la Candelaria,1,Estadounidense,16,7.3,134.2,3.0,97.24,Transporte público
495,2020,2,Febrero,Pukara,Alta,Fiesta de la Candelaria,1,Europeo,18,7.3,134.2,2.9,133.6,Transporte propio
496,2020,2,Febrero,Pukara,Alta,Fiesta de la Candelaria,1,Asiático,7,7.3,134.2,3.6,98.56,Transporte público
497,2020,2,Febrero,Pukara,Alta,Fiesta de la Candelaria,1,Latinoamericano,11,7.3,134.2,2.8,54.97,Transporte propio
498,2020,2,Febrero,Pukara,Alta,Fiesta de la Candelaria,1,Otro,6,7.3,134.2,2.8,77.59,Transporte propio
499,2020,2,Febrero,Aramu Muru,Alta,Fiesta de la Candelaria,1,Peruano,24,7.3,134.2,2.9,38.75,Tour organizado
500,2020,2,Febrero,Aramu Muru,Alta,Fiesta de la Candelaria,1,Estadounidense,5,7.3,134.2,2.9,138.84,Transporte propio
501,2020,2,Febrero,Aramu Muru,Alta,Fiesta de la Candelaria,1,Europeo,6,7.3,134.2,3.6,98.98,Tour organizado
502,2020,2,Febrero,Aramu Muru,Alta,Fiesta de la Candelaria,1,Asiático,1,7.3,134.2,2.9,108.76,Transporte público
503,2020,2,Febrero,Aramu Muru,Alta,Fiesta de la Candelaria,1,Latinoamericano,3,7.3,134.2,3.4,72.95,Transporte público
504,2020,2,Febrero,Aramu Muru,Alta,Fiesta de la Candelaria,1,Otro,2,7.3,134.2,3.3,93.22,Transporte público
505,2020,3,Marzo,Sillustani,Media,Ninguna,0,Peruano,37,7.9,115.9,4.1,44.08,Transporte propio
506,2020,3,Marzo,Sillustani,Media,Ninguna,0,Estadounidense,22,7.9,115.9,3.5,98.63,Tour organizado
507,2020,3,Marzo,Sillustani,Media,Ninguna,0,Europeo,24,7.9,115.9,3.8,91.6,Tour organizado
508,2020,3,Marzo,Sillustani,Media,Ninguna,0,Asiático,7,7.9,115.9,3.8,99.79,Transporte propio
509,2020,3,Marzo,Sillustani,Media,Ninguna,0,Latinoamericano,12,7.9,115.9,3.4,54.47,Transporte público
510,2020,3,Marzo,Sillustani,Media,Ninguna,0,Otro,6,7.9,115.9,3.7,87.42,Tour organizado
511,2020,3,Marzo,Islas Uros,Media,Ninguna,0,Peruano,117,7.9,115.9,4.2,48.83,Lancha turística
512,2020,3,Marzo,Islas Uros,Media,Ninguna,0,Estadounidense,68,7.9,115.9,3.9,109.36,Lancha turística
513,2020,3,Marzo,Islas Uros,Media,Ninguna,0,Europeo,94,7.9,115.9,3.7,137.52,Tour organizado
514,2020,3,Marzo,Islas Uros,Media,Ninguna,0,Asiático,41,7.9,115.9,4.2,96.36,Lancha turística
515,2020,3,Marzo,Islas Uros,Media,Ninguna,0,Latinoamericano,40,7.9,115.9,3.9,75.31,Lancha turística
516,2020,3,Marzo,Islas Uros,Media,Ninguna,0,Otro,14,7.9,115.9,3.8,59.26,Lancha turística
517,2020,3,Marzo,Isla Taquile,Media,Ninguna,0,Peruano,46,7.9,115.9,3.6,48.18,Tour organizado
518,2020,3,Marzo,Isla Taquile,Media,Ninguna,0,Estadounidense,35,7.9,115.9,4.1,131.47,Lancha turística
519,2020,3,Marzo,Isla Taquile,Media,Ninguna,0,Europeo,30,7.9,115.9,3.8,77.78,Tour organizado
520,2020,3,Marzo,Isla Taquile,Media,Ninguna,0,Asiático,16,7.9,115.9,3.7,82.84,Tour organizado
521,2020,3,Marzo,Isla Taquile,Media,Ninguna,0,Latinoamericano,17,7.9,115.9,3.9,76.94,Lancha turística
522,2020,3,Marzo,Isla Taquile,Media,Ninguna,0,Otro,6,7.9,115.9,3.3,63.15,Lancha turística
523,2020,3,Marzo,Cutimbo,Media,Ninguna,0,Peruano,22,7.9,115.9,3.3,52.96,Tour organizado
524,2020,3,Marzo,Cutimbo,Media,Ninguna,0,Estadounidense,5,7.9,115.9,3.3,124.68,Transporte propio
525,2020,3,Marzo,Cutimbo,Media,Ninguna,0,Europeo,6,7.9,115.9,3.7,82.32,Tour organizado
526,2020,3,Marzo,Cutimbo,Media,Ninguna,0,Asiático,1,7.9,115.9,3.3,98.0,Tour organizado
527,2020,3,Marzo,Cutimbo,Media,Ninguna,0,Latinoamericano,3,7.9,115.9,3.6,48.72,Transporte público
528,2020,3,Marzo,Cutimbo,Media,Ninguna,0,Otro,2,7.9,115.9,3.2,102.91,Tour organizado
529,2020,3,Marzo,Pukara,Media,Ninguna,0,Peruano,43,7.9,115.9,3.1,55.83,Transporte público
530,2020,3,Marzo,Pukara,Media,Ninguna,0,Estadounidense,7,7.9,115.9,3.8,133.28,Transporte propio
531,2020,3,Marzo,Pukara,Media,Ninguna,0,Europeo,11,7.9,115.9,3.5,79.17,Transporte propio
532,2020,3,Marzo,Pukara,Media,Ninguna,0,Asiático,2,7.9,115.9,3.1,74.72,Transporte público
533,2020,3,Marzo,Pukara,Media,Ninguna,0,Latinoamericano,6,7.9,115.9,3.2,67.49,Transporte público
534,2020,3,Marzo,Pukara,Media,Ninguna,0,Otro,3,7.9,115.9,3.4,74.42,Transporte propio
535,2020,3,Marzo,Aramu Muru,Media,Ninguna,0,Peruano,14,7.9,115.9,3.0,51.63,Transporte propio
536,2020,3,Marzo,Aramu Muru,Media,Ninguna,0,Estadounidense,2,7.9,115.9,3.3,144.38,Transporte propio
537,2020,3,Marzo,Aramu Muru,Media,Ninguna,0,Europeo,3,7.9,115.9,3.5,116.31,Transporte propio
538,2020,3,Marzo,Aramu Muru,Media,Ninguna,0,Asiático,1,7.9,115.9,3.2,123.08,Transporte público
539,2020,3,Marzo,Aramu Muru,Media,Ninguna,0,Latinoamericano,1,7.9,115.9,3.5,60.14,Transporte propio
540,2020,3,Marzo,Aramu Muru,Media,Ninguna,0,Otro,1,7.9,115.9,3.6,60.11,Transporte propio
541,2020,4,Abril,Sillustani,Media,Semana Santa,1,Peruano,41,7.4,53.5,4.2,48.62,Transporte propio
542,2020,4,Abril,Sillustani,Media,Semana Santa,1,Estadounidense,22,7.4,53.5,3.6,84.37,Tour organizado
543,2020,4,Abril,Sillustani,Media,Semana Santa,1,Europeo,29,7.4,53.5,4.3,83.75,Tour organizado
544,2020,4,Abril,Sillustani,Media,Semana Santa,1,Asiático,9,7.4,53.5,3.9,98.12,Transporte propio
545,2020,4,Abril,Sillustani,Media,Semana Santa,1,Latinoamericano,13,7.4,53.5,3.6,67.11,Transporte público
546,2020,4,Abril,Sillustani,Media,Semana Santa,1,Otro,7,7.4,53.5,3.8,74.49,Tour organizado
547,2020,4,Abril,Islas Uros,Media,Semana Santa,1,Peruano,158,7.4,53.5,4.2,46.61,Lancha turística
548,2020,4,Abril,Islas Uros,Media,Semana Santa,1,Estadounidense,97,7.4,53.5,3.7,111.41,Lancha turística
549,2020,4,Abril,Islas Uros,Media,Semana Santa,1,Europeo,107,7.4,53.5,3.8,86.63,Lancha turística
550,2020,4,Abril,Islas Uros,Media,Semana Santa,1,Asiático,46,7.4,53.5,3.9,94.1,Lancha turística
551,2020,4,Abril,Islas Uros,Media,Semana Santa,1,Latinoamericano,44,7.4,53.5,4.4,73.62,Lancha turística
552,2020,4,Abril,Islas Uros,Media,Semana Santa,1,Otro,24,7.4,53.5,3.7,61.13,Lancha turística
553,2020,4,Abril,Isla Taquile,Media,Semana Santa,1,Peruano,57,7.4,53.5,4.3,41.76,Lancha turística
554,2020,4,Abril,Isla Taquile,Media,Semana Santa,1,Estadounidense,38,7.4,53.5,3.9,143.29,Tour organizado
555,2020,4,Abril,Isla Taquile,Media,Semana Santa,1,Europeo,59,7.4,53.5,3.6,98.16,Tour organizado
556,2020,4,Abril,Isla Taquile,Media,Semana Santa,1,Asiático,17,7.4,53.5,3.8,121.48,Lancha turística
557,2020,4,Abril,Isla Taquile,Media,Semana Santa,1,Latinoamericano,18,7.4,53.5,4.2,64.65,Tour organizado
558,2020,4,Abril,Isla Taquile,Media,Semana Santa,1,Otro,11,7.4,53.5,3.8,69.45,Lancha turística
559,2020,4,Abril,Cutimbo,Media,Semana Santa,1,Peruano,36,7.4,53.5,3.4,58.43,Transporte propio
560,2020,4,Abril,Cutimbo,Media,Semana Santa,1,Estadounidense,7,7.4,53.5,3.8,152.62,Transporte público
561,2020,4,Abril,Cutimbo,Media,Semana Santa,1,Europeo,9,7.4,53.5,3.4,129.65,Tour organizado
562,2020,4,Abril,Cutimbo,Media,Semana Santa,1,Asiático,3,7.4,53.5,4.0,89.82,Transporte público
563,2020,4,Abril,Cutimbo,Media,Semana Santa,1,Latinoamericano,3,7.4,53.5,3.5,55.35,Transporte propio
564,2020,4,Abril,Cutimbo,Media,Semana Santa,1,Otro,3,7.4,53.5,4.0,59.55,Transporte público
565,2020,4,Abril,Pukara,Media,Semana Santa,1,Peruano,44,7.4,53.5,4.1,54.98,Transporte público
566,2020,4,Abril,Pukara,Media,Semana Santa,1,Estadounidense,9,7.4,53.5,4.0,109.89,Tour organizado
567,2020,4,Abril,Pukara,Media,Semana Santa,1,Europeo,9,7.4,53.5,3.4,120.87,Transporte propio
568,2020,4,Abril,Pukara,Media,Semana Santa,1,Asiático,4,7.4,53.5,3.2,122.57,Transporte público
569,2020,4,Abril,Pukara,Media,Semana Santa,1,Latinoamericano,7,7.4,53.5,3.5,76.55,Tour organizado
570,2020,4,Abril,Pukara,Media,Semana Santa,1,Otro,3,7.4,53.5,3.5,80.51,Transporte propio
571,2020,4,Abril,Aramu Muru,Media,Semana Santa,1,Peruano,14,7.4,53.5,4.0,47.39,Transporte propio
572,2020,4,Abril,Aramu Muru,Media,Semana Santa,1,Estadounidense,3,7.4,53.5,3.2,91.53,Transporte público
573,2020,4,Abril,Aramu Muru,Media,Semana Santa,1,Europeo,4,7.4,53.5,3.3,131.87,Transporte propio
574,2020,4,Abril,Aramu Muru,Media,Semana Santa,1,Asiático,1,7.4,53.5,3.5,111.2,Transporte público
575,2020,4,Abril,Aramu Muru,Media,Semana Santa,1,Latinoamericano,2,7.4,53.5,3.3,73.66,Transporte público
576,2020,4,Abril,Aramu Muru,Media,Semana Santa,1,Otro,1,7.4,53.5,3.5,94.89,Tour organizado
577,2020,5,Mayo,Sillustani,Baja,Ninguna,0,Peruano,24,2.1,3.7,4.4,51.49,Transporte público
578,2020,5,Mayo,Sillustani,Baja,Ninguna,0,Estadounidense,9,2.1,3.7,3.7,124.31,Transporte propio
579,2020,5,Mayo,Sillustani,Baja,Ninguna,0,Europeo,12,2.1,3.7,3.9,89.17,Transporte propio
580,2020,5,Mayo,Sillustani,Baja,Ninguna,0,Asiático,4,2.1,3.7,4.2,116.84,Transporte propio
581,2020,5,Mayo,Sillustani,Baja,Ninguna,0,Latinoamericano,7,2.1,3.7,3.9,72.98,Tour organizado
582,2020,5,Mayo,Sillustani,Baja,Ninguna,0,Otro,2,2.1,3.7,4.2,94.21,Transporte público
583,2020,5,Mayo,Islas Uros,Baja,Ninguna,0,Peruano,68,2.1,3.7,3.7,40.3,Lancha turística
584,2020,5,Mayo,Islas Uros,Baja,Ninguna,0,Estadounidense,33,2.1,3.7,4.2,119.24,Tour organizado
585,2020,5,Mayo,Islas Uros,Baja,Ninguna,0,Europeo,45,2.1,3.7,3.9,102.91,Lancha turística
586,2020,5,Mayo,Islas Uros,Baja,Ninguna,0,Asiático,18,2.1,3.7,4.3,101.69,Tour organizado
587,2020,5,Mayo,Islas Uros,Baja,Ninguna,0,Latinoamericano,21,2.1,3.7,3.8,69.46,Lancha turística
588,2020,5,Mayo,Islas Uros,Baja,Ninguna,0,Otro,10,2.1,3.7,3.8,67.45,Lancha turística
589,2020,5,Mayo,Isla Taquile,Baja,Ninguna,0,Peruano,31,2.1,3.7,4.0,42.79,Lancha turística
590,2020,5,Mayo,Isla Taquile,Baja,Ninguna,0,Estadounidense,19,2.1,3.7,3.9,119.04,Tour organizado
591,2020,5,Mayo,Isla Taquile,Baja,Ninguna,0,Europeo,26,2.1,3.7,4.1,142.99,Tour organizado
592,2020,5,Mayo,Isla Taquile,Baja,Ninguna,0,Asiático,8,2.1,3.7,3.8,77.16,Lancha turística
593,2020,5,Mayo,Isla Taquile,Baja,Ninguna,0,Latinoamericano,10,2.1,3.7,4.4,82.62,Lancha turística
594,2020,5,Mayo,Isla Taquile,Baja,Ninguna,0,Otro,4,2.1,3.7,4.3,102.26,Tour organizado
595,2020,5,Mayo,Cutimbo,Baja,Ninguna,0,Peruano,14,2.1,3.7,3.7,50.67,Transporte público
596,2020,5,Mayo,Cutimbo,Baja,Ninguna,0,Estadounidense,3,2.1,3.7,3.3,86.22,Transporte propio
597,2020,5,Mayo,Cutimbo,Baja,Ninguna,0,Europeo,3,2.1,3.7,3.5,112.48,Transporte propio
598,2020,5,Mayo,Cutimbo,Baja,Ninguna,0,Asiático,1,2.1,3.7,3.8,110.54,Transporte público
599,2020,5,Mayo,Cutimbo,Baja,Ninguna,0,Latinoamericano,2,2.1,3.7,3.3,49.95,Transporte propio
600,2020,5,Mayo,Cutimbo,Baja,Ninguna,0,Otro,1,2.1,3.7,4.0,92.48,Transporte público
601,2020,5,Mayo,Pukara,Baja,Ninguna,0,Peruano,23,2.1,3.7,3.3,53.91,Transporte propio
602,2020,5,Mayo,Pukara,Baja,Ninguna,0,Estadounidense,3,2.1,3.7,4.2,116.38,Transporte propio
603,2020,5,Mayo,Pukara,Baja,Ninguna,0,Europeo,6,2.1,3.7,3.3,134.11,Tour organizado
604,2020,5,Mayo,Pukara,Baja,Ninguna,0,Asiático,1,2.1,3.7,3.4,112.71,Transporte propio
605,2020,5,Mayo,Pukara,Baja,Ninguna,0,Latinoamericano,3,2.1,3.7,3.8,62.2,Transporte propio
606,2020,5,Mayo,Pukara,Baja,Ninguna,0,Otro,2,2.1,3.7,4.0,94.66,Transporte propio
607,2020,5,Mayo,Aramu Muru,Baja,Ninguna,0,Peruano,7,2.1,3.7,3.4,57.93,Transporte propio
608,2020,5,Mayo,Aramu Muru,Baja,Ninguna,0,Estadounidense,1,2.1,3.7,3.5,145.78,Tour organizado
609,2020,5,Mayo,Aramu Muru,Baja,Ninguna,0,Europeo,1,2.1,3.7,4.0,104.17,Tour organizado
610,2020,5,Mayo,Aramu Muru,Baja,Ninguna,0,Asiático,1,2.1,3.7,4.1,73.73,Transporte propio
611,2020,5,Mayo,Aramu Muru,Baja,Ninguna,0,Latinoamericano,1,2.1,3.7,3.9,77.81,Transporte público
612,2020,5,Mayo,Aramu Muru,Baja,Ninguna,0,Otro,1,2.1,3.7,3.8,68.9,Transporte público
613,2020,6,Junio,Sillustani,Baja,Inti Raymi,1,Peruano,39,1.1,0,3.9,51.74,Tour organizado
614,2020,6,Junio,Sillustani,Baja,Inti Raymi,1,Estadounidense,17,1.1,0,4.0,125.9,Tour organizado
615,2020,6,Junio,Sillustani,Baja,Inti Raymi,1,Europeo,24,1.1,0,4.0,120.83,Tour organizado
616,2020,6,Junio,Sillustani,Baja,Inti Raymi,1,Asiático,9,1.1,0,4.3,89.17,Transporte propio
617,2020,6,Junio,Sillustani,Baja,Inti Raymi,1,Latinoamericano,13,1.1,0,4.0,58.09,Tour organizado
618,2020,6,Junio,Sillustani,Baja,Inti Raymi,1,Otro,4,1.1,0,4.1,83.17,Transporte propio
619,2020,6,Junio,Islas Uros,Baja,Inti Raymi,1,Peruano,110,1.1,0,4.3,32.74,Tour organizado
620,2020,6,Junio,Islas Uros,Baja,Inti Raymi,1,Estadounidense,70,1.1,0,4.0,92.95,Lancha turística
621,2020,6,Junio,Islas Uros,Baja,Inti Raymi,1,Europeo,77,1.1,0,3.5,140.23,Lancha turística
622,2020,6,Junio,Islas Uros,Baja,Inti Raymi,1,Asiático,37,1.1,0,4.4,116.78,Lancha turística
623,2020,6,Junio,Islas Uros,Baja,Inti Raymi,1,Latinoamericano,27,1.1,0,4.4,56.19,Tour organizado
624,2020,6,Junio,Islas Uros,Baja,Inti Raymi,1,Otro,14,1.1,0,3.6,87.9,Tour organizado
625,2020,6,Junio,Isla Taquile,Baja,Inti Raymi,1,Peruano,36,1.1,0,3.8,50.38,Lancha turística
626,2020,6,Junio,Isla Taquile,Baja,Inti Raymi,1,Estadounidense,24,1.1,0,3.6,90.85,Lancha turística
627,2020,6,Junio,Isla Taquile,Baja,Inti Raymi,1,Europeo,31,1.1,0,3.6,91.93,Tour organizado
628,2020,6,Junio,Isla Taquile,Baja,Inti Raymi,1,Asiático,12,1.1,0,3.5,86.08,Lancha turística
629,2020,6,Junio,Isla Taquile,Baja,Inti Raymi,1,Latinoamericano,15,1.1,0,3.9,50.65,Lancha turística
630,2020,6,Junio,Isla Taquile,Baja,Inti Raymi,1,Otro,5,1.1,0,3.6,94.69,Lancha turística
631,2020,6,Junio,Cutimbo,Baja,Inti Raymi,1,Peruano,20,1.1,0,3.3,52.38,Transporte propio
632,2020,6,Junio,Cutimbo,Baja,Inti Raymi,1,Estadounidense,4,1.1,0,3.9,88.93,Tour organizado
633,2020,6,Junio,Cutimbo,Baja,Inti Raymi,1,Europeo,5,1.1,0,3.4,100.18,Transporte propio
634,2020,6,Junio,Cutimbo,Baja,Inti Raymi,1,Asiático,1,1.1,0,3.4,89.97,Transporte público
635,2020,6,Junio,Cutimbo,Baja,Inti Raymi,1,Latinoamericano,3,1.1,0,3.3,49.42,Tour organizado
636,2020,6,Junio,Cutimbo,Baja,Inti Raymi,1,Otro,1,1.1,0,3.6,102.24,Transporte propio
637,2020,6,Junio,Pukara,Baja,Inti Raymi,1,Peruano,24,1.1,0,3.8,38.2,Transporte propio
638,2020,6,Junio,Pukara,Baja,Inti Raymi,1,Estadounidense,6,1.1,0,3.9,145.05,Transporte propio
639,2020,6,Junio,Pukara,Baja,Inti Raymi,1,Europeo,6,1.1,0,3.8,89.45,Transporte público
640,2020,6,Junio,Pukara,Baja,Inti Raymi,1,Asiático,2,1.1,0,3.3,117.68,Transporte propio
641,2020,6,Junio,Pukara,Baja,Inti Raymi,1,Latinoamericano,3,1.1,0,3.3,64.98,Tour organizado
642,2020,6,Junio,Pukara,Baja,Inti Raymi,1,Otro,2,1.1,0,4.2,103.37,Transporte propio
643,2020,6,Junio,Aramu Muru,Baja,Inti Raymi,1,Peruano,9,1.1,0,3.8,41.37,Transporte propio
644,2020,6,Junio,Aramu Muru,Baja,Inti Raymi,1,Estadounidense,1,1.1,0,4.2,139.47,Tour organizado
645,2020,6,Junio,Aramu Muru,Baja,Inti Raymi,1,Europeo,2,1.1,0,3.2,91.24,Tour organizado
646,2020,6,Junio,Aramu Muru,Baja,Inti Raymi,1,Asiático,1,1.1,0,3.6,82.83,Transporte público
647,2020,6,Junio,Aramu Muru,Baja,Inti Raymi,1,Latinoamericano,1,1.1,0,3.6,70.48,Transporte propio
648,2020,6,Junio,Aramu Muru,Baja,Inti Raymi,1,Otro,1,1.1,0,3.5,80.54,Transporte propio
649,2020,7,Julio,Sillustani,Alta,Fiestas Patrias,1,Peruano,85,2.4,0,4.1,49.05,Tour organizado
650,2020,7,Julio,Sillustani,Alta,Fiestas Patrias,1,Estadounidense,39,2.4,0,3.7,152.65,Tour organizado
651,2020,7,Julio,Sillustani,Alta,Fiestas Patrias,1,Europeo,42,2.4,0,3.4,105.68,Transporte propio
652,2020,7,Julio,Sillustani,Alta,Fiestas Patrias,1,Asiático,19,2.4,0,3.4,104.47,Tour organizado
653,2020,7,Julio,Sillustani,Alta,Fiestas Patrias,1,Latinoamericano,24,2.4,0,4.0,72.86,Tour organizado
654,2020,7,Julio,Sillustani,Alta,Fiestas Patrias,1,Otro,11,2.4,0,3.6,80.83,Tour organizado
655,2020,7,Julio,Islas Uros,Alta,Fiestas Patrias,1,Peruano,179,2.4,0,4.1,38.76,Lancha turística
656,2020,7,Julio,Islas Uros,Alta,Fiestas Patrias,1,Estadounidense,155,2.4,0,3.3,142.11,Lancha turística
657,2020,7,Julio,Islas Uros,Alta,Fiestas Patrias,1,Europeo,177,2.4,0,3.6,141.35,Tour organizado
658,2020,7,Julio,Islas Uros,Alta,Fiestas Patrias,1,Asiático,58,2.4,0,3.8,87.03,Lancha turística
659,2020,7,Julio,Islas Uros,Alta,Fiestas Patrias,1,Latinoamericano,80,2.4,0,3.5,51.64,Lancha turística
660,2020,7,Julio,Islas Uros,Alta,Fiestas Patrias,1,Otro,40,2.4,0,4.0,61.54,Tour organizado
661,2020,7,Julio,Isla Taquile,Alta,Fiestas Patrias,1,Peruano,91,2.4,0,4.2,38.1,Lancha turística
662,2020,7,Julio,Isla Taquile,Alta,Fiestas Patrias,1,Estadounidense,70,2.4,0,4.2,96.89,Lancha turística
663,2020,7,Julio,Isla Taquile,Alta,Fiestas Patrias,1,Europeo,95,2.4,0,4.2,125.88,Lancha turística
664,2020,7,Julio,Isla Taquile,Alta,Fiestas Patrias,1,Asiático,33,2.4,0,3.5,118.7,Lancha turística
665,2020,7,Julio,Isla Taquile,Alta,Fiestas Patrias,1,Latinoamericano,34,2.4,0,3.4,60.04,Tour organizado
666,2020,7,Julio,Isla Taquile,Alta,Fiestas Patrias,1,Otro,20,2.4,0,3.4,66.71,Tour organizado
667,2020,7,Julio,Cutimbo,Alta,Fiestas Patrias,1,Peruano,69,2.4,0,3.1,44.06,Transporte propio
668,2020,7,Julio,Cutimbo,Alta,Fiestas Patrias,1,Estadounidense,14,2.4,0,3.3,90.22,Transporte público
669,2020,7,Julio,Cutimbo,Alta,Fiestas Patrias,1,Europeo,12,2.4,0,3.2,114.21,Transporte propio
670,2020,7,Julio,Cutimbo,Alta,Fiestas Patrias,1,Asiático,5,2.4,0,3.2,87.49,Transporte público
671,2020,7,Julio,Cutimbo,Alta,Fiestas Patrias,1,Latinoamericano,10,2.4,0,3.8,74.07,Transporte propio
672,2020,7,Julio,Cutimbo,Alta,Fiestas Patrias,1,Otro,4,2.4,0,3.9,57.15,Transporte propio
673,2020,7,Julio,Pukara,Alta,Fiestas Patrias,1,Peruano,76,2.4,0,3.0,40.55,Transporte público
674,2020,7,Julio,Pukara,Alta,Fiestas Patrias,1,Estadounidense,17,2.4,0,3.7,91.48,Transporte propio
675,2020,7,Julio,Pukara,Alta,Fiestas Patrias,1,Europeo,18,2.4,0,4.0,141.19,Transporte propio
676,2020,7,Julio,Pukara,Alta,Fiestas Patrias,1,Asiático,6,2.4,0,3.1,119.01,Transporte público
677,2020,7,Julio,Pukara,Alta,Fiestas Patrias,1,Latinoamericano,11,2.4,0,3.4,83.51,Tour organizado
678,2020,7,Julio,Pukara,Alta,Fiestas Patrias,1,Otro,6,2.4,0,3.5,86.59,Transporte público
679,2020,7,Julio,Aramu Muru,Alta,Fiestas Patrias,1,Peruano,22,2.4,0,3.4,57.53,Transporte propio
680,2020,7,Julio,Aramu Muru,Alta,Fiestas Patrias,1,Estadounidense,4,2.4,0,3.9,150.68,Transporte público
681,2020,7,Julio,Aramu Muru,Alta,Fiestas Patrias,1,Europeo,6,2.4,0,3.7,97.99,Transporte propio
682,2020,7,Julio,Aramu Muru,Alta,Fiestas Patrias,1,Asiático,1,2.4,0,3.9,74.26,Tour organizado
683,2020,7,Julio,Aramu Muru,Alta,Fiestas Patrias,1,Latinoamericano,2,2.4,0,3.2,63.68,Transporte público
684,2020,7,Julio,Aramu Muru,Alta,Fiestas Patrias,1,Otro,1,2.4,0,3.4,92.98,Transporte público
685,2020,8,Agosto,Sillustani,Alta,Ninguna,0,Peruano,51,2.4,0,4.0,53.81,Transporte público
686,2020,8,Agosto,Sillustani,Alta,Ninguna,0,Estadounidense,24,2.4,0,4.1,107.6,Tour organizado
687,2020,8,Agosto,Sillustani,Alta,Ninguna,0,Europeo,40,2.4,0,4.3,103.15,Tour organizado
688,2020,8,Agosto,Sillustani,Alta,Ninguna,0,Asiático,14,2.4,0,3.6,122.97,Tour organizado
689,2020,8,Agosto,Sillustani,Alta,Ninguna,0,Latinoamericano,24,2.4,0,4.2,67.18,Transporte público
690,2020,8,Agosto,Sillustani,Alta,Ninguna,0,Otro,7,2.4,0,3.8,94.59,Tour organizado
691,2020,8,Agosto,Islas Uros,Alta,Ninguna,0,Peruano,131,2.4,0,4.1,37.5,Lancha turística
692,2020,8,Agosto,Islas Uros,Alta,Ninguna,0,Estadounidense,119,2.4,0,3.7,129.38,Tour organizado
693,2020,8,Agosto,Islas Uros,Alta,Ninguna,0,Europeo,110,2.4,0,3.9,137.55,Lancha turística
694,2020,8,Agosto,Islas Uros,Alta,Ninguna,0,Asiático,42,2.4,0,3.4,117.94,Lancha turística
695,2020,8,Agosto,Islas Uros,Alta,Ninguna,0,Latinoamericano,59,2.4,0,3.4,78.54,Lancha turística
696,2020,8,Agosto,Islas Uros,Alta,Ninguna,0,Otro,22,2.4,0,4.2,58.43,Tour organizado
697,2020,8,Agosto,Isla Taquile,Alta,Ninguna,0,Peruano,92,2.4,0,3.8,41.83,Lancha turística
698,2020,8,Agosto,Isla Taquile,Alta,Ninguna,0,Estadounidense,49,2.4,0,3.5,97.47,Lancha turística
699,2020,8,Agosto,Isla Taquile,Alta,Ninguna,0,Europeo,68,2.4,0,3.4,117.53,Tour organizado
700,2020,8,Agosto,Isla Taquile,Alta,Ninguna,0,Asiático,25,2.4,0,3.6,89.98,Tour organizado
701,2020,8,Agosto,Isla Taquile,Alta,Ninguna,0,Latinoamericano,27,2.4,0,3.4,60.44,Lancha turística
702,2020,8,Agosto,Isla Taquile,Alta,Ninguna,0,Otro,12,2.4,0,4.2,81.24,Tour organizado
703,2020,8,Agosto,Cutimbo,Alta,Ninguna,0,Peruano,45,2.4,0,3.0,41.83,Transporte propio
704,2020,8,Agosto,Cutimbo,Alta,Ninguna,0,Estadounidense,9,2.4,0,3.8,108.77,Transporte propio
705,2020,8,Agosto,Cutimbo,Alta,Ninguna,0,Europeo,11,2.4,0,3.2,98.05,Transporte propio
706,2020,8,Agosto,Cutimbo,Alta,Ninguna,0,Asiático,3,2.4,0,3.8,82.51,Transporte público
707,2020,8,Agosto,Cutimbo,Alta,Ninguna,0,Latinoamericano,6,2.4,0,3.8,84.48,Transporte propio
708,2020,8,Agosto,Cutimbo,Alta,Ninguna,0,Otro,3,2.4,0,3.7,68.79,Tour organizado
709,2020,8,Agosto,Pukara,Alta,Ninguna,0,Peruano,66,2.4,0,3.6,58.03,Transporte público
710,2020,8,Agosto,Pukara,Alta,Ninguna,0,Estadounidense,11,2.4,0,3.8,144.86,Transporte propio
711,2020,8,Agosto,Pukara,Alta,Ninguna,0,Europeo,13,2.4,0,3.3,125.71,Transporte propio
712,2020,8,Agosto,Pukara,Alta,Ninguna,0,Asiático,6,2.4,0,3.0,106.43,Transporte propio
713,2020,8,Agosto,Pukara,Alta,Ninguna,0,Latinoamericano,8,2.4,0,3.2,84.03,Transporte público
714,2020,8,Agosto,Pukara,Alta,Ninguna,0,Otro,5,2.4,0,3.2,57.82,Tour organizado
715,2020,8,Agosto,Aramu Muru,Alta,Ninguna,0,Peruano,16,2.4,0,3.5,31.52,Transporte propio
716,2020,8,Agosto,Aramu Muru,Alta,Ninguna,0,Estadounidense,4,2.4,0,3.3,96.78,Transporte propio
717,2020,8,Agosto,Aramu Muru,Alta,Ninguna,0,Europeo,4,2.4,0,3.1,123.51,Transporte propio
718,2020,8,Agosto,Aramu Muru,Alta,Ninguna,0,Asiático,1,2.4,0,3.8,115.56,Tour organizado
719,2020,8,Agosto,Aramu Muru,Alta,Ninguna,0,Latinoamericano,2,2.4,0,3.9,60.93,Tour organizado
720,2020,8,Agosto,Aramu Muru,Alta,Ninguna,0,Otro,1,2.4,0,3.3,102.84,Transporte público
721,2020,9,Septiembre,Sillustani,Media,Ninguna,0,Peruano,38,6.4,43.4,4.5,50.23,Transporte público
722,2020,9,Septiembre,Sillustani,Media,Ninguna,0,Estadounidense,25,6.4,43.4,3.7,126.4,Tour organizado
723,2020,9,Septiembre,Sillustani,Media,Ninguna,0,Europeo,26,6.4,43.4,4.2,96.44,Tour organizado
724,2020,9,Septiembre,Sillustani,Media,Ninguna,0,Asiático,10,6.4,43.4,4.4,120.58,Transporte propio
725,2020,9,Septiembre,Sillustani,Media,Ninguna,0,Latinoamericano,17,6.4,43.4,4.3,67.63,Tour organizado
726,2020,9,Septiembre,Sillustani,Media,Ninguna,0,Otro,6,6.4,43.4,4.4,102.44,Tour organizado
727,2020,9,Septiembre,Islas Uros,Media,Ninguna,0,Peruano,98,6.4,43.4,4.0,40.44,Lancha turística
728,2020,9,Septiembre,Islas Uros,Media,Ninguna,0,Estadounidense,69,6.4,43.4,4.5,96.09,Lancha turística
729,2020,9,Septiembre,Islas Uros,Media,Ninguna,0,Europeo,110,6.4,43.4,4.2,125.13,Lancha turística
730,2020,9,Septiembre,Islas Uros,Media,Ninguna,0,Asiático,38,6.4,43.4,3.8,80.72,Lancha turística
731,2020,9,Septiembre,Islas Uros,Media,Ninguna,0,Latinoamericano,36,6.4,43.4,4.3,73.6,Lancha turística
732,2020,9,Septiembre,Islas Uros,Media,Ninguna,0,Otro,18,6.4,43.4,4.2,102.52,Lancha turística
733,2020,9,Septiembre,Isla Taquile,Media,Ninguna,0,Peruano,51,6.4,43.4,4.0,34.24,Lancha turística
734,2020,9,Septiembre,Isla Taquile,Media,Ninguna,0,Estadounidense,39,6.4,43.4,4.1,138.59,Lancha turística
735,2020,9,Septiembre,Isla Taquile,Media,Ninguna,0,Europeo,38,6.4,43.4,3.6,132.82,Lancha turística
736,2020,9,Septiembre,Isla Taquile,Media,Ninguna,0,Asiático,14,6.4,43.4,3.8,72.47,Lancha turística
737,2020,9,Septiembre,Isla Taquile,Media,Ninguna,0,Latinoamericano,15,6.4,43.4,3.9,74.05,Tour organizado
738,2020,9,Septiembre,Isla Taquile,Media,Ninguna,0,Otro,10,6.4,43.4,4.5,72.22,Tour organizado
739,2020,9,Septiembre,Cutimbo,Media,Ninguna,0,Peruano,29,6.4,43.4,3.6,49.15,Transporte público
740,2020,9,Septiembre,Cutimbo,Media,Ninguna,0,Estadounidense,5,6.4,43.4,3.3,98.8,Transporte propio
741,2020,9,Septiembre,Cutimbo,Media,Ninguna,0,Europeo,7,6.4,43.4,3.8,138.09,Transporte propio
742,2020,9,Septiembre,Cutimbo,Media,Ninguna,0,Asiático,2,6.4,43.4,3.5,71.97,Transporte público
743,2020,9,Septiembre,Cutimbo,Media,Ninguna,0,Latinoamericano,4,6.4,43.4,4.0,51.49,Transporte propio
744,2020,9,Septiembre,Cutimbo,Media,Ninguna,0,Otro,2,6.4,43.4,3.3,95.55,Transporte público
745,2020,9,Septiembre,Pukara,Media,Ninguna,0,Peruano,24,6.4,43.4,3.4,39.38,Tour organizado
746,2020,9,Septiembre,Pukara,Media,Ninguna,0,Estadounidense,6,6.4,43.4,3.3,140.51,Transporte público
747,2020,9,Septiembre,Pukara,Media,Ninguna,0,Europeo,8,6.4,43.4,3.9,83.02,Transporte público
748,2020,9,Septiembre,Pukara,Media,Ninguna,0,Asiático,2,6.4,43.4,4.1,87.56,Transporte público
749,2020,9,Septiembre,Pukara,Media,Ninguna,0,Latinoamericano,3,6.4,43.4,3.6,55.77,Transporte propio
750,2020,9,Septiembre,Pukara,Media,Ninguna,0,Otro,2,6.4,43.4,3.4,89.43,Tour organizado
751,2020,9,Septiembre,Aramu Muru,Media,Ninguna,0,Peruano,9,6.4,43.4,3.7,57.71,Transporte propio
752,2020,9,Septiembre,Aramu Muru,Media,Ninguna,0,Estadounidense,2,6.4,43.4,4.0,142.93,Transporte público
753,2020,9,Septiembre,Aramu Muru,Media,Ninguna,0,Europeo,3,6.4,43.4,3.9,138.8,Transporte propio
754,2020,9,Septiembre,Aramu Muru,Media,Ninguna,0,Asiático,1,6.4,43.4,3.3,117.96,Tour organizado
755,2020,9,Septiembre,Aramu Muru,Media,Ninguna,0,Latinoamericano,1,6.4,43.4,4.1,76.72,Transporte propio
756,2020,9,Septiembre,Aramu Muru,Media,Ninguna,0,Otro,1,6.4,43.4,4.0,64.3,Transporte propio
757,2020,10,Octubre,Sillustani,Media,Ninguna,0,Peruano,35,8.9,62.3,4.5,43.26,Tour organizado
758,2020,10,Octubre,Sillustani,Media,Ninguna,0,Estadounidense,21,8.9,62.3,3.8,149.58,Tour organizado
759,2020,10,Octubre,Sillustani,Media,Ninguna,0,Europeo,19,8.9,62.3,4.1,113.44,Tour organizado
760,2020,10,Octubre,Sillustani,Media,Ninguna,0,Asiático,8,8.9,62.3,4.4,67.2,Transporte público
761,2020,10,Octubre,Sillustani,Media,Ninguna,0,Latinoamericano,13,8.9,62.3,4.3,49.89,Tour organizado
762,2020,10,Octubre,Sillustani,Media,Ninguna,0,Otro,4,8.9,62.3,4.1,92.4,Tour organizado
763,2020,10,Octubre,Islas Uros,Media,Ninguna,0,Peruano,129,8.9,62.3,3.6,39.22,Tour organizado
764,2020,10,Octubre,Islas Uros,Media,Ninguna,0,Estadounidense,97,8.9,62.3,4.4,103.02,Tour organizado
765,2020,10,Octubre,Islas Uros,Media,Ninguna,0,Europeo,104,8.9,62.3,4.1,79.47,Lancha turística
766,2020,10,Octubre,Islas Uros,Media,Ninguna,0,Asiático,40,8.9,62.3,4.1,105.31,Lancha turística
767,2020,10,Octubre,Islas Uros,Media,Ninguna,0,Latinoamericano,34,8.9,62.3,4.4,58.43,Lancha turística
768,2020,10,Octubre,Islas Uros,Media,Ninguna,0,Otro,17,8.9,62.3,4.0,68.89,Lancha turística
769,2020,10,Octubre,Isla Taquile,Media,Ninguna,0,Peruano,52,8.9,62.3,3.8,39.07,Lancha turística
770,2020,10,Octubre,Isla Taquile,Media,Ninguna,0,Estadounidense,35,8.9,62.3,4.2,154.02,Lancha turística
771,2020,10,Octubre,Isla Taquile,Media,Ninguna,0,Europeo,32,8.9,62.3,4.5,106.25,Lancha turística
772,2020,10,Octubre,Isla Taquile,Media,Ninguna,0,Asiático,13,8.9,62.3,3.9,103.3,Lancha turística
773,2020,10,Octubre,Isla Taquile,Media,Ninguna,0,Latinoamericano,15,8.9,62.3,4.4,61.38,Lancha turística
774,2020,10,Octubre,Isla Taquile,Media,Ninguna,0,Otro,8,8.9,62.3,4.4,95.41,Tour organizado
775,2020,10,Octubre,Cutimbo,Media,Ninguna,0,Peruano,21,8.9,62.3,3.9,42.39,Tour organizado
776,2020,10,Octubre,Cutimbo,Media,Ninguna,0,Estadounidense,5,8.9,62.3,4.1,98.45,Tour organizado
777,2020,10,Octubre,Cutimbo,Media,Ninguna,0,Europeo,6,8.9,62.3,3.7,137.59,Transporte propio
778,2020,10,Octubre,Cutimbo,Media,Ninguna,0,Asiático,2,8.9,62.3,4.0,95.29,Tour organizado
779,2020,10,Octubre,Cutimbo,Media,Ninguna,0,Latinoamericano,4,8.9,62.3,3.4,64.56,Transporte público
780,2020,10,Octubre,Cutimbo,Media,Ninguna,0,Otro,2,8.9,62.3,4.1,84.17,Transporte propio
781,2020,10,Octubre,Pukara,Media,Ninguna,0,Peruano,35,8.9,62.3,3.5,53.93,Tour organizado
782,2020,10,Octubre,Pukara,Media,Ninguna,0,Estadounidense,6,8.9,62.3,3.6,95.73,Transporte propio
783,2020,10,Octubre,Pukara,Media,Ninguna,0,Europeo,9,8.9,62.3,3.8,121.73,Transporte propio
784,2020,10,Octubre,Pukara,Media,Ninguna,0,Asiático,3,8.9,62.3,3.7,115.78,Tour organizado
785,2020,10,Octubre,Pukara,Media,Ninguna,0,Latinoamericano,4,8.9,62.3,3.3,52.25,Tour organizado
786,2020,10,Octubre,Pukara,Media,Ninguna,0,Otro,2,8.9,62.3,3.8,101.26,Transporte propio
787,2020,10,Octubre,Aramu Muru,Media,Ninguna,0,Peruano,10,8.9,62.3,3.5,38.3,Transporte público
788,2020,10,Octubre,Aramu Muru,Media,Ninguna,0,Estadounidense,2,8.9,62.3,3.7,128.9,Tour organizado
789,2020,10,Octubre,Aramu Muru,Media,Ninguna,0,Europeo,2,8.9,62.3,4.2,140.79,Transporte propio
790,2020,10,Octubre,Aramu Muru,Media,Ninguna,0,Asiático,1,8.9,62.3,3.8,82.61,Tour organizado
791,2020,10,Octubre,Aramu Muru,Media,Ninguna,0,Latinoamericano,1,8.9,62.3,3.5,56.28,Transporte propio
792,2020,10,Octubre,Aramu Muru,Media,Ninguna,0,Otro,1,8.9,62.3,3.5,90.13,Transporte propio
793,2020,11,Noviembre,Sillustani,Baja,Todos los Santos,1,Peruano,24,7.1,70.7,4.4,53.37,Transporte propio
794,2020,11,Noviembre,Sillustani,Baja,Todos los Santos,1,Estadounidense,16,7.1,70.7,4.2,135.93,Transporte propio
795,2020,11,Noviembre,Sillustani,Baja,Todos los Santos,1,Europeo,22,7.1,70.7,3.8,104.63,Transporte propio
796,2020,11,Noviembre,Sillustani,Baja,Todos los Santos,1,Asiático,7,7.1,70.7,4.1,123.2,Tour organizado
797,2020,11,Noviembre,Sillustani,Baja,Todos los Santos,1,Latinoamericano,9,7.1,70.7,4.2,72.27,Transporte propio
798,2020,11,Noviembre,Sillustani,Baja,Todos los Santos,1,Otro,4,7.1,70.7,4.2,80.35,Tour organizado
799,2020,11,Noviembre,Islas Uros,Baja,Todos los Santos,1,Peruano,111,7.1,70.7,3.7,34.14,Lancha turística
800,2020,11,Noviembre,Islas Uros,Baja,Todos los Santos,1,Estadounidense,70,7.1,70.7,4.2,124.25,Lancha turística
801,2020,11,Noviembre,Islas Uros,Baja,Todos los Santos,1,Europeo,94,7.1,70.7,4.4,120.19,Lancha turística
802,2020,11,Noviembre,Islas Uros,Baja,Todos los Santos,1,Asiático,30,7.1,70.7,4.2,84.0,Lancha turística
803,2020,11,Noviembre,Islas Uros,Baja,Todos los Santos,1,Latinoamericano,30,7.1,70.7,4.1,63.59,Lancha turística
804,2020,11,Noviembre,Islas Uros,Baja,Todos los Santos,1,Otro,15,7.1,70.7,4.4,84.01,Tour organizado
805,2020,11,Noviembre,Isla Taquile,Baja,Todos los Santos,1,Peruano,42,7.1,70.7,4.0,54.92,Lancha turística
806,2020,11,Noviembre,Isla Taquile,Baja,Todos los Santos,1,Estadounidense,24,7.1,70.7,3.9,146.7,Lancha turística
807,2020,11,Noviembre,Isla Taquile,Baja,Todos los Santos,1,Europeo,26,7.1,70.7,3.7,104.01,Tour organizado
808,2020,11,Noviembre,Isla Taquile,Baja,Todos los Santos,1,Asiático,14,7.1,70.7,4.5,74.66,Tour organizado
809,2020,11,Noviembre,Isla Taquile,Baja,Todos los Santos,1,Latinoamericano,10,7.1,70.7,3.6,58.47,Lancha turística
810,2020,11,Noviembre,Isla Taquile,Baja,Todos los Santos,1,Otro,5,7.1,70.7,3.6,77.7,Lancha turística
811,2020,11,Noviembre,Cutimbo,Baja,Todos los Santos,1,Peruano,17,7.1,70.7,4.0,44.72,Tour organizado
812,2020,11,Noviembre,Cutimbo,Baja,Todos los Santos,1,Estadounidense,3,7.1,70.7,3.6,114.92,Transporte público
813,2020,11,Noviembre,Cutimbo,Baja,Todos los Santos,1,Europeo,6,7.1,70.7,3.6,79.49,Transporte propio
814,2020,11,Noviembre,Cutimbo,Baja,Todos los Santos,1,Asiático,2,7.1,70.7,4.2,117.34,Transporte propio
815,2020,11,Noviembre,Cutimbo,Baja,Todos los Santos,1,Latinoamericano,2,7.1,70.7,3.2,74.11,Transporte propio
816,2020,11,Noviembre,Cutimbo,Baja,Todos los Santos,1,Otro,1,7.1,70.7,3.5,62.19,Transporte público
817,2020,11,Noviembre,Pukara,Baja,Todos los Santos,1,Peruano,23,7.1,70.7,3.3,32.73,Transporte propio
818,2020,11,Noviembre,Pukara,Baja,Todos los Santos,1,Estadounidense,5,7.1,70.7,3.7,121.74,Transporte público
819,2020,11,Noviembre,Pukara,Baja,Todos los Santos,1,Europeo,7,7.1,70.7,4.2,99.62,Transporte público
820,2020,11,Noviembre,Pukara,Baja,Todos los Santos,1,Asiático,2,7.1,70.7,3.4,120.54,Transporte público
821,2020,11,Noviembre,Pukara,Baja,Todos los Santos,1,Latinoamericano,2,7.1,70.7,3.4,83.91,Transporte propio
822,2020,11,Noviembre,Pukara,Baja,Todos los Santos,1,Otro,2,7.1,70.7,3.8,64.11,Transporte propio
823,2020,11,Noviembre,Aramu Muru,Baja,Todos los Santos,1,Peruano,11,7.1,70.7,3.6,48.79,Tour organizado
824,2020,11,Noviembre,Aramu Muru,Baja,Todos los Santos,1,Estadounidense,2,7.1,70.7,3.2,91.78,Tour organizado
825,2020,11,Noviembre,Aramu Muru,Baja,Todos los Santos,1,Europeo,2,7.1,70.7,3.3,106.32,Tour organizado
826,2020,11,Noviembre,Aramu Muru,Baja,Todos los Santos,1,Asiático,1,7.1,70.7,3.7,75.23,Tour organizado
827,2020,11,Noviembre,Aramu Muru,Baja,Todos los Santos,1,Latinoamericano,1,7.1,70.7,3.9,71.34,Transporte propio
828,2020,11,Noviembre,Aramu Muru,Baja,Todos los Santos,1,Otro,1,7.1,70.7,3.9,76.1,Tour organizado
829,2020,12,Diciembre,Sillustani,Alta,Navidad,1,Peruano,90,8.5,114.7,3.5,47.94,Tour organizado
830,2020,12,Diciembre,Sillustani,Alta,Navidad,1,Estadounidense,47,8.5,114.7,4.0,109.77,Transporte propio
831,2020,12,Diciembre,Sillustani,Alta,Navidad,1,Europeo,47,8.5,114.7,3.0,109.76,Tour organizado
832,2020,12,Diciembre,Sillustani,Alta,Navidad,1,Asiático,20,8.5,114.7,3.5,79.87,Tour organizado
833,2020,12,Diciembre,Sillustani,Alta,Navidad,1,Latinoamericano,29,8.5,114.7,3.9,78.07,Transporte propio
834,2020,12,Diciembre,Sillustani,Alta,Navidad,1,Otro,10,8.5,114.7,3.1,80.56,Tour organizado
835,2020,12,Diciembre,Islas Uros,Alta,Navidad,1,Peruano,277,8.5,114.7,3.5,57.89,Lancha turística
836,2020,12,Diciembre,Islas Uros,Alta,Navidad,1,Estadounidense,172,8.5,114.7,3.1,96.58,Lancha turística
837,2020,12,Diciembre,Islas Uros,Alta,Navidad,1,Europeo,249,8.5,114.7,3.4,121.67,Lancha turística
838,2020,12,Diciembre,Islas Uros,Alta,Navidad,1,Asiático,95,8.5,114.7,3.1,109.72,Lancha turística
839,2020,12,Diciembre,Islas Uros,Alta,Navidad,1,Latinoamericano,70,8.5,114.7,3.1,70.74,Lancha turística
840,2020,12,Diciembre,Islas Uros,Alta,Navidad,1,Otro,41,8.5,114.7,3.4,85.85,Tour organizado
841,2020,12,Diciembre,Isla Taquile,Alta,Navidad,1,Peruano,110,8.5,114.7,3.2,42.32,Lancha turística
842,2020,12,Diciembre,Isla Taquile,Alta,Navidad,1,Estadounidense,59,8.5,114.7,3.4,145.25,Lancha turística
843,2020,12,Diciembre,Isla Taquile,Alta,Navidad,1,Europeo,86,8.5,114.7,3.8,84.46,Tour organizado
844,2020,12,Diciembre,Isla Taquile,Alta,Navidad,1,Asiático,35,8.5,114.7,4.0,114.63,Lancha turística
845,2020,12,Diciembre,Isla Taquile,Alta,Navidad,1,Latinoamericano,31,8.5,114.7,3.6,76.79,Tour organizado
846,2020,12,Diciembre,Isla Taquile,Alta,Navidad,1,Otro,15,8.5,114.7,3.6,93.4,Tour organizado
847,2020,12,Diciembre,Cutimbo,Alta,Navidad,1,Peruano,47,8.5,114.7,3.5,57.78,Transporte propio
848,2020,12,Diciembre,Cutimbo,Alta,Navidad,1,Estadounidense,9,8.5,114.7,3.2,147.91,Transporte público
849,2020,12,Diciembre,Cutimbo,Alta,Navidad,1,Europeo,9,8.5,114.7,3.0,97.74,Transporte propio
850,2020,12,Diciembre,Cutimbo,Alta,Navidad,1,Asiático,4,8.5,114.7,3.4,85.78,Tour organizado
851,2020,12,Diciembre,Cutimbo,Alta,Navidad,1,Latinoamericano,6,8.5,114.7,3.4,64.3,Transporte público
852,2020,12,Diciembre,Cutimbo,Alta,Navidad,1,Otro,3,8.5,114.7,3.5,98.82,Tour organizado
853,2020,12,Diciembre,Pukara,Alta,Navidad,1,Peruano,68,8.5,114.7,3.2,44.17,Transporte público
854,2020,12,Diciembre,Pukara,Alta,Navidad,1,Estadounidense,14,8.5,114.7,2.8,119.4,Transporte propio
855,2020,12,Diciembre,Pukara,Alta,Navidad,1,Europeo,14,8.5,114.7,3.0,110.46,Transporte público
856,2020,12,Diciembre,Pukara,Alta,Navidad,1,Asiático,5,8.5,114.7,2.9,92.67,Transporte público
857,2020,12,Diciembre,Pukara,Alta,Navidad,1,Latinoamericano,7,8.5,114.7,3.2,57.83,Transporte público
858,2020,12,Diciembre,Pukara,Alta,Navidad,1,Otro,5,8.5,114.7,2.7,75.37,Tour organizado
859,2020,12,Diciembre,Aramu Muru,Alta,Navidad,1,Peruano,20,8.5,114.7,2.8,47.81,Transporte propio
860,2020,12,Diciembre,Aramu Muru,Alta,Navidad,1,Estadounidense,6,8.5,114.7,3.3,131.13,Transporte público
861,2020,12,Diciembre,Aramu Muru,Alta,Navidad,1,Europeo,8,8.5,114.7,3.1,80.58,Transporte propio
862,2020,12,Diciembre,Aramu Muru,Alta,Navidad,1,Asiático,2,8.5,114.7,3.0,110.24,Transporte público
863,2020,12,Diciembre,Aramu Muru,Alta,Navidad,1,Latinoamericano,4,8.5,114.7,3.1,63.15,Tour organizado
864,2020,12,Diciembre,Aramu Muru,Alta,Navidad,1,Otro,2,8.5,114.7,2.9,72.39,Transporte propio
865,2021,1,Enero,Sillustani,Alta,Ninguna,0,Peruano,182,8.6,135.0,3.5,53.69,Transporte propio
866,2021,1,Enero,Sillustani,Alta,Ninguna,0,Estadounidense,68,8.6,135.0,3.6,97.5,Transporte propio
867,2021,1,Enero,Sillustani,Alta,Ninguna,0,Europeo,87,8.6,135.0,3.8,89.58,Tour organizado
868,2021,1,Enero,Sillustani,Alta,Ninguna,0,Asiático,30,8.6,135.0,3.4,119.32,Transporte público
869,2021,1,Enero,Sillustani,Alta,Ninguna,0,Latinoamericano,45,8.6,135.0,3.9,63.34,Transporte público
870,2021,1,Enero,Sillustani,Alta,Ninguna,0,Otro,26,8.6,135.0,3.1,79.94,Transporte público
871,2021,1,Enero,Islas Uros,Alta,Ninguna,0,Peruano,524,8.6,135.0,3.4,47.3,Tour organizado
872,2021,1,Enero,Islas Uros,Alta,Ninguna,0,Estadounidense,381,8.6,135.0,3.9,133.81,Lancha turística
873,2021,1,Enero,Islas Uros,Alta,Ninguna,0,Europeo,467,8.6,135.0,3.1,102.57,Tour organizado
874,2021,1,Enero,Islas Uros,Alta,Ninguna,0,Asiático,178,8.6,135.0,3.3,116.74,Lancha turística
875,2021,1,Enero,Islas Uros,Alta,Ninguna,0,Latinoamericano,204,8.6,135.0,3.9,75.23,Lancha turística
876,2021,1,Enero,Islas Uros,Alta,Ninguna,0,Otro,82,8.6,135.0,3.3,70.12,Lancha turística
877,2021,1,Enero,Isla Taquile,Alta,Ninguna,0,Peruano,213,8.6,135.0,3.9,45.33,Tour organizado
878,2021,1,Enero,Isla Taquile,Alta,Ninguna,0,Estadounidense,139,8.6,135.0,3.3,137.05,Tour organizado
879,2021,1,Enero,Isla Taquile,Alta,Ninguna,0,Europeo,180,8.6,135.0,3.2,118.2,Lancha turística
880,2021,1,Enero,Isla Taquile,Alta,Ninguna,0,Asiático,73,8.6,135.0,3.9,74.06,Tour organizado
881,2021,1,Enero,Isla Taquile,Alta,Ninguna,0,Latinoamericano,72,8.6,135.0,4.0,65.15,Tour organizado
882,2021,1,Enero,Isla Taquile,Alta,Ninguna,0,Otro,36,8.6,135.0,3.7,92.52,Tour organizado
883,2021,1,Enero,Cutimbo,Alta,Ninguna,0,Peruano,107,8.6,135.0,3.4,42.77,Transporte propio
884,2021,1,Enero,Cutimbo,Alta,Ninguna,0,Estadounidense,26,8.6,135.0,3.1,84.92,Tour organizado
885,2021,1,Enero,Cutimbo,Alta,Ninguna,0,Europeo,23,8.6,135.0,2.8,121.24,Transporte propio
886,2021,1,Enero,Cutimbo,Alta,Ninguna,0,Asiático,8,8.6,135.0,3.5,122.56,Transporte propio
887,2021,1,Enero,Cutimbo,Alta,Ninguna,0,Latinoamericano,13,8.6,135.0,2.8,76.09,Transporte propio
888,2021,1,Enero,Cutimbo,Alta,Ninguna,0,Otro,10,8.6,135.0,2.7,95.07,Tour organizado
889,2021,1,Enero,Pukara,Alta,Ninguna,0,Peruano,155,8.6,135.0,3.3,37.56,Transporte público
890,2021,1,Enero,Pukara,Alta,Ninguna,0,Estadounidense,28,8.6,135.0,3.5,141.52,Transporte propio
891,2021,1,Enero,Pukara,Alta,Ninguna,0,Europeo,42,8.6,135.0,2.7,102.18,Transporte público
892,2021,1,Enero,Pukara,Alta,Ninguna,0,Asiático,15,8.6,135.0,3.7,84.32,Tour organizado
893,2021,1,Enero,Pukara,Alta,Ninguna,0,Latinoamericano,17,8.6,135.0,3.0,69.7,Transporte público
894,2021,1,Enero,Pukara,Alta,Ninguna,0,Otro,14,8.6,135.0,3.6,89.82,Transporte propio
895,2021,1,Enero,Aramu Muru,Alta,Ninguna,0,Peruano,57,8.6,135.0,3.3,52.46,Transporte propio
896,2021,1,Enero,Aramu Muru,Alta,Ninguna,0,Estadounidense,11,8.6,135.0,2.9,133.15,Transporte propio
897,2021,1,Enero,Aramu Muru,Alta,Ninguna,0,Europeo,18,8.6,135.0,3.4,84.88,Tour organizado
898,2021,1,Enero,Aramu Muru,Alta,Ninguna,0,Asiático,5,8.6,135.0,3.3,73.91,Transporte propio
899,2021,1,Enero,Aramu Muru,Alta,Ninguna,0,Latinoamericano,6,8.6,135.0,3.2,82.06,Tour organizado
900,2021,1,Enero,Aramu Muru,Alta,Ninguna,0,Otro,4,8.6,135.0,3.0,58.44,Transporte propio
901,2021,2,Febrero,Sillustani,Alta,Fiesta de la Candelaria,1,Peruano,248,8.3,122.9,3.3,37.44,Tour organizado
902,2021,2,Febrero,Sillustani,Alta,Fiesta de la Candelaria,1,Estadounidense,115,8.3,122.9,3.8,95.47,Transporte público
903,2021,2,Febrero,Sillustani,Alta,Fiesta de la Candelaria,1,Europeo,142,8.3,122.9,3.1,91.6,Tour organizado
904,2021,2,Febrero,Sillustani,Alta,Fiesta de la Candelaria,1,Asiático,54,8.3,122.9,3.3,83.23,Transporte público
905,2021,2,Febrero,Sillustani,Alta,Fiesta de la Candelaria,1,Latinoamericano,77,8.3,122.9,4.0,77.62,Tour organizado
906,2021,2,Febrero,Sillustani,Alta,Fiesta de la Candelaria,1,Otro,26,8.3,122.9,3.3,67.54,Transporte público
907,2021,2,Febrero,Islas Uros,Alta,Fiesta de la Candelaria,1,Peruano,630,8.3,122.9,3.0,55.41,Lancha turística
908,2021,2,Febrero,Islas Uros,Alta,Fiesta de la Candelaria,1,Estadounidense,546,8.3,122.9,3.9,111.78,Tour organizado
909,2021,2,Febrero,Islas Uros,Alta,Fiesta de la Candelaria,1,Europeo,637,8.3,122.9,3.0,111.11,Lancha turística
910,2021,2,Febrero,Islas Uros,Alta,Fiesta de la Candelaria,1,Asiático,235,8.3,122.9,3.5,94.25,Lancha turística
911,2021,2,Febrero,Islas Uros,Alta,Fiesta de la Candelaria,1,Latinoamericano,271,8.3,122.9,3.2,65.54,Lancha turística
912,2021,2,Febrero,Islas Uros,Alta,Fiesta de la Candelaria,1,Otro,101,8.3,122.9,4.0,81.82,Lancha turística
913,2021,2,Febrero,Isla Taquile,Alta,Fiesta de la Candelaria,1,Peruano,274,8.3,122.9,3.6,37.26,Tour organizado
914,2021,2,Febrero,Isla Taquile,Alta,Fiesta de la Candelaria,1,Estadounidense,200,8.3,122.9,3.1,122.72,Tour organizado
915,2021,2,Febrero,Isla Taquile,Alta,Fiesta de la Candelaria,1,Europeo,298,8.3,122.9,3.7,105.73,Lancha turística
916,2021,2,Febrero,Isla Taquile,Alta,Fiesta de la Candelaria,1,Asiático,113,8.3,122.9,3.2,92.68,Lancha turística
917,2021,2,Febrero,Isla Taquile,Alta,Fiesta de la Candelaria,1,Latinoamericano,84,8.3,122.9,3.1,52.44,Lancha turística
918,2021,2,Febrero,Isla Taquile,Alta,Fiesta de la Candelaria,1,Otro,53,8.3,122.9,3.6,66.93,Lancha turística
919,2021,2,Febrero,Cutimbo,Alta,Fiesta de la Candelaria,1,Peruano,130,8.3,122.9,3.1,40.04,Transporte público
920,2021,2,Febrero,Cutimbo,Alta,Fiesta de la Candelaria,1,Estadounidense,31,8.3,122.9,3.2,130.18,Tour organizado
921,2021,2,Febrero,Cutimbo,Alta,Fiesta de la Candelaria,1,Europeo,40,8.3,122.9,3.3,123.26,Tour organizado
922,2021,2,Febrero,Cutimbo,Alta,Fiesta de la Candelaria,1,Asiático,11,8.3,122.9,3.2,83.02,Transporte propio
923,2021,2,Febrero,Cutimbo,Alta,Fiesta de la Candelaria,1,Latinoamericano,20,8.3,122.9,3.0,81.64,Transporte público
924,2021,2,Febrero,Cutimbo,Alta,Fiesta de la Candelaria,1,Otro,11,8.3,122.9,3.4,78.75,Transporte propio
925,2021,2,Febrero,Pukara,Alta,Fiesta de la Candelaria,1,Peruano,155,8.3,122.9,3.5,46.23,Transporte propio
926,2021,2,Febrero,Pukara,Alta,Fiesta de la Candelaria,1,Estadounidense,32,8.3,122.9,3.6,153.51,Transporte propio
927,2021,2,Febrero,Pukara,Alta,Fiesta de la Candelaria,1,Europeo,52,8.3,122.9,2.7,134.73,Transporte propio
928,2021,2,Febrero,Pukara,Alta,Fiesta de la Candelaria,1,Asiático,12,8.3,122.9,2.7,100.51,Tour organizado
929,2021,2,Febrero,Pukara,Alta,Fiesta de la Candelaria,1,Latinoamericano,21,8.3,122.9,3.4,80.74,Transporte propio
930,2021,2,Febrero,Pukara,Alta,Fiesta de la Candelaria,1,Otro,13,8.3,122.9,3.6,96.87,Transporte propio
931,2021,2,Febrero,Aramu Muru,Alta,Fiesta de la Candelaria,1,Peruano,54,8.3,122.9,3.5,36.75,Transporte propio
932,2021,2,Febrero,Aramu Muru,Alta,Fiesta de la Candelaria,1,Estadounidense,14,8.3,122.9,3.3,87.92,Transporte público
933,2021,2,Febrero,Aramu Muru,Alta,Fiesta de la Candelaria,1,Europeo,17,8.3,122.9,2.8,121.33,Transporte propio
934,2021,2,Febrero,Aramu Muru,Alta,Fiesta de la Candelaria,1,Asiático,4,8.3,122.9,3.4,94.27,Transporte propio
935,2021,2,Febrero,Aramu Muru,Alta,Fiesta de la Candelaria,1,Latinoamericano,8,8.3,122.9,3.4,54.65,Transporte propio
936,2021,2,Febrero,Aramu Muru,Alta,Fiesta de la Candelaria,1,Otro,5,8.3,122.9,3.6,71.25,Transporte público
937,2021,3,Marzo,Sillustani,Media,Ninguna,0,Peruano,101,7.5,116.4,3.8,53.31,Transporte propio
938,2021,3,Marzo,Sillustani,Media,Ninguna,0,Estadounidense,52,7.5,116.4,3.5,140.57,Transporte propio
939,2021,3,Marzo,Sillustani,Media,Ninguna,0,Europeo,67,7.5,116.4,3.6,121.85,Tour organizado
940,2021,3,Marzo,Sillustani,Media,Ninguna,0,Asiático,31,7.5,116.4,3.7,86.95,Tour organizado
941,2021,3,Marzo,Sillustani,Media,Ninguna,0,Latinoamericano,40,7.5,116.4,3.3,70.68,Tour organizado
942,2021,3,Marzo,Sillustani,Media,Ninguna,0,Otro,19,7.5,116.4,4.1,62.72,Transporte público
943,2021,3,Marzo,Islas Uros,Media,Ninguna,0,Peruano,297,7.5,116.4,3.8,51.14,Lancha turística
944,2021,3,Marzo,Islas Uros,Media,Ninguna,0,Estadounidense,206,7.5,116.4,3.8,142.51,Tour organizado
945,2021,3,Marzo,Islas Uros,Media,Ninguna,0,Europeo,218,7.5,116.4,3.8,136.82,Tour organizado
946,2021,3,Marzo,Islas Uros,Media,Ninguna,0,Asiático,82,7.5,116.4,4.1,97.26,Tour organizado
947,2021,3,Marzo,Islas Uros,Media,Ninguna,0,Latinoamericano,100,7.5,116.4,3.6,54.21,Tour organizado
948,2021,3,Marzo,Islas Uros,Media,Ninguna,0,Otro,49,7.5,116.4,3.5,78.31,Tour organizado
949,2021,3,Marzo,Isla Taquile,Media,Ninguna,0,Peruano,119,7.5,116.4,3.2,37.95,Tour organizado
950,2021,3,Marzo,Isla Taquile,Media,Ninguna,0,Estadounidense,90,7.5,116.4,4.0,94.11,Lancha turística
951,2021,3,Marzo,Isla Taquile,Media,Ninguna,0,Europeo,91,7.5,116.4,4.1,120.52,Lancha turística
952,2021,3,Marzo,Isla Taquile,Media,Ninguna,0,Asiático,46,7.5,116.4,3.7,86.95,Lancha turística
953,2021,3,Marzo,Isla Taquile,Media,Ninguna,0,Latinoamericano,46,7.5,116.4,3.4,55.81,Lancha turística
954,2021,3,Marzo,Isla Taquile,Media,Ninguna,0,Otro,17,7.5,116.4,3.4,99.57,Lancha turística
955,2021,3,Marzo,Cutimbo,Media,Ninguna,0,Peruano,73,7.5,116.4,3.8,32.58,Transporte propio
956,2021,3,Marzo,Cutimbo,Media,Ninguna,0,Estadounidense,11,7.5,116.4,3.9,129.62,Transporte propio
957,2021,3,Marzo,Cutimbo,Media,Ninguna,0,Europeo,19,7.5,116.4,3.2,112.93,Transporte propio
958,2021,3,Marzo,Cutimbo,Media,Ninguna,0,Asiático,5,7.5,116.4,3.3,100.0,Tour organizado
959,2021,3,Marzo,Cutimbo,Media,Ninguna,0,Latinoamericano,9,7.5,116.4,3.3,80.88,Transporte público
960,2021,3,Marzo,Cutimbo,Media,Ninguna,0,Otro,5,7.5,116.4,3.8,79.37,Transporte público
961,2021,3,Marzo,Pukara,Media,Ninguna,0,Peruano,78,7.5,116.4,3.8,43.38,Transporte propio
962,2021,3,Marzo,Pukara,Media,Ninguna,0,Estadounidense,17,7.5,116.4,3.5,99.23,Transporte propio
963,2021,3,Marzo,Pukara,Media,Ninguna,0,Europeo,23,7.5,116.4,3.5,130.92,Transporte propio
964,2021,3,Marzo,Pukara,Media,Ninguna,0,Asiático,8,7.5,116.4,3.2,72.96,Transporte público
965,2021,3,Marzo,Pukara,Media,Ninguna,0,Latinoamericano,14,7.5,116.4,3.5,70.74,Transporte público
966,2021,3,Marzo,Pukara,Media,Ninguna,0,Otro,7,7.5,116.4,2.9,83.53,Transporte propio
967,2021,3,Marzo,Aramu Muru,Media,Ninguna,0,Peruano,29,7.5,116.4,3.8,35.47,Transporte propio
968,2021,3,Marzo,Aramu Muru,Media,Ninguna,0,Estadounidense,5,7.5,116.4,3.1,152.99,Tour organizado
969,2021,3,Marzo,Aramu Muru,Media,Ninguna,0,Europeo,9,7.5,116.4,3.6,131.21,Tour organizado
970,2021,3,Marzo,Aramu Muru,Media,Ninguna,0,Asiático,2,7.5,116.4,3.5,93.37,Transporte público
971,2021,3,Marzo,Aramu Muru,Media,Ninguna,0,Latinoamericano,3,7.5,116.4,3.7,68.93,Transporte propio
972,2021,3,Marzo,Aramu Muru,Media,Ninguna,0,Otro,2,7.5,116.4,3.4,64.05,Transporte propio
973,2021,4,Abril,Sillustani,Media,Semana Santa,1,Peruano,120,7.8,48.9,3.6,31.95,Transporte público
974,2021,4,Abril,Sillustani,Media,Semana Santa,1,Estadounidense,74,7.8,48.9,4.0,114.23,Tour organizado
975,2021,4,Abril,Sillustani,Media,Semana Santa,1,Europeo,83,7.8,48.9,3.7,136.51,Transporte público
976,2021,4,Abril,Sillustani,Media,Semana Santa,1,Asiático,23,7.8,48.9,4.3,95.19,Tour organizado
977,2021,4,Abril,Sillustani,Media,Semana Santa,1,Latinoamericano,36,7.8,48.9,4.2,80.68,Transporte público
978,2021,4,Abril,Sillustani,Media,Semana Santa,1,Otro,20,7.8,48.9,4.4,93.19,Transporte propio
979,2021,4,Abril,Islas Uros,Media,Semana Santa,1,Peruano,372,7.8,48.9,3.5,45.81,Lancha turística
980,2021,4,Abril,Islas Uros,Media,Semana Santa,1,Estadounidense,307,7.8,48.9,4.0,139.34,Lancha turística
981,2021,4,Abril,Islas Uros,Media,Semana Santa,1,Europeo,338,7.8,48.9,4.2,127.26,Tour organizado
982,2021,4,Abril,Islas Uros,Media,Semana Santa,1,Asiático,134,7.8,48.9,3.9,81.01,Lancha turística
983,2021,4,Abril,Islas Uros,Media,Semana Santa,1,Latinoamericano,152,7.8,48.9,3.6,68.83,Tour organizado
984,2021,4,Abril,Islas Uros,Media,Semana Santa,1,Otro,63,7.8,48.9,3.7,90.04,Lancha turística
985,2021,4,Abril,Isla Taquile,Media,Semana Santa,1,Peruano,162,7.8,48.9,3.5,49.17,Tour organizado
986,2021,4,Abril,Isla Taquile,Media,Semana Santa,1,Estadounidense,143,7.8,48.9,3.9,91.67,Lancha turística
987,2021,4,Abril,Isla Taquile,Media,Semana Santa,1,Europeo,169,7.8,48.9,3.8,133.43,Lancha turística
988,2021,4,Abril,Isla Taquile,Media,Semana Santa,1,Asiático,65,7.8,48.9,4.1,123.03,Lancha turística
989,2021,4,Abril,Isla Taquile,Media,Semana Santa,1,Latinoamericano,70,7.8,48.9,3.9,76.07,Lancha turística
990,2021,4,Abril,Isla Taquile,Media,Semana Santa,1,Otro,27,7.8,48.9,4.1,79.22,Lancha turística
991,2021,4,Abril,Cutimbo,Media,Semana Santa,1,Peruano,97,7.8,48.9,3.6,35.23,Tour organizado
992,2021,4,Abril,Cutimbo,Media,Semana Santa,1,Estadounidense,20,7.8,48.9,3.6,134.35,Transporte propio
993,2021,4,Abril,Cutimbo,Media,Semana Santa,1,Europeo,20,7.8,48.9,3.7,128.88,Tour organizado
994,2021,4,Abril,Cutimbo,Media,Semana Santa,1,Asiático,6,7.8,48.9,4.2,66.8,Tour organizado
995,2021,4,Abril,Cutimbo,Media,Semana Santa,1,Latinoamericano,14,7.8,48.9,3.7,68.91,Tour organizado
996,2021,4,Abril,Cutimbo,Media,Semana Santa,1,Otro,6,7.8,48.9,3.4,59.84,Tour organizado
997,2021,4,Abril,Pukara,Media,Semana Santa,1,Peruano,143,7.8,48.9,3.6,49.22,Transporte propio
998,2021,4,Abril,Pukara,Media,Semana Santa,1,Estadounidense,28,7.8,48.9,3.8,152.09,Transporte propio
999,2021,4,Abril,Pukara,Media,Semana Santa,1,Europeo,35,7.8,48.9,3.6,90.31,Transporte propio
1000,2021,4,Abril,Pukara,Media,Semana Santa,1,Asiático,9,7.8,48.9,4.0,95.6,Transporte propio
1001,2021,4,Abril,Pukara,Media,Semana Santa,1,Latinoamericano,18,7.8,48.9,3.9,59.53,Tour organizado
1002,2021,4,Abril,Pukara,Media,Semana Santa,1,Otro,13,7.8,48.9,3.3,69.24,Transporte público
1003,2021,4,Abril,Aramu Muru,Media,Semana Santa,1,Peruano,38,7.8,48.9,3.8,45.48,Tour organizado
1004,2021,4,Abril,Aramu Muru,Media,Semana Santa,1,Estadounidense,10,7.8,48.9,3.7,136.28,Transporte propio
1005,2021,4,Abril,Aramu Muru,Media,Semana Santa,1,Europeo,10,7.8,48.9,4.0,91.94,Transporte propio
1006,2021,4,Abril,Aramu Muru,Media,Semana Santa,1,Asiático,3,7.8,48.9,3.6,66.77,Transporte propio
1007,2021,4,Abril,Aramu Muru,Media,Semana Santa,1,Latinoamericano,5,7.8,48.9,3.3,48.32,Transporte propio
1008,2021,4,Abril,Aramu Muru,Media,Semana Santa,1,Otro,3,7.8,48.9,3.3,80.64,Transporte propio
1009,2021,5,Mayo,Sillustani,Baja,Ninguna,0,Peruano,73,4.6,22.5,4.5,46.71,Tour organizado
1010,2021,5,Mayo,Sillustani,Baja,Ninguna,0,Estadounidense,38,4.6,22.5,4.5,117.04,Transporte propio
1011,2021,5,Mayo,Sillustani,Baja,Ninguna,0,Europeo,49,4.6,22.5,4.4,108.81,Tour organizado
1012,2021,5,Mayo,Sillustani,Baja,Ninguna,0,Asiático,12,4.6,22.5,4.1,123.17,Tour organizado
1013,2021,5,Mayo,Sillustani,Baja,Ninguna,0,Latinoamericano,26,4.6,22.5,3.9,59.27,Transporte público
1014,2021,5,Mayo,Sillustani,Baja,Ninguna,0,Otro,7,4.6,22.5,4.3,67.92,Tour organizado
1015,2021,5,Mayo,Islas Uros,Baja,Ninguna,0,Peruano,191,4.6,22.5,3.8,46.47,Lancha turística
1016,2021,5,Mayo,Islas Uros,Baja,Ninguna,0,Estadounidense,115,4.6,22.5,3.9,148.39,Lancha turística
1017,2021,5,Mayo,Islas Uros,Baja,Ninguna,0,Europeo,126,4.6,22.5,4.2,138.4,Lancha turística
1018,2021,5,Mayo,Islas Uros,Baja,Ninguna,0,Asiático,58,4.6,22.5,3.7,108.42,Lancha turística
1019,2021,5,Mayo,Islas Uros,Baja,Ninguna,0,Latinoamericano,51,4.6,22.5,3.7,55.24,Tour organizado
1020,2021,5,Mayo,Islas Uros,Baja,Ninguna,0,Otro,27,4.6,22.5,4.3,61.75,Lancha turística
1021,2021,5,Mayo,Isla Taquile,Baja,Ninguna,0,Peruano,96,4.6,22.5,4.1,52.13,Tour organizado
1022,2021,5,Mayo,Isla Taquile,Baja,Ninguna,0,Estadounidense,71,4.6,22.5,4.3,110.73,Lancha turística
1023,2021,5,Mayo,Isla Taquile,Baja,Ninguna,0,Europeo,75,4.6,22.5,4.5,136.2,Lancha turística
1024,2021,5,Mayo,Isla Taquile,Baja,Ninguna,0,Asiático,30,4.6,22.5,4.5,118.71,Lancha turística
1025,2021,5,Mayo,Isla Taquile,Baja,Ninguna,0,Latinoamericano,29,4.6,22.5,4.3,50.5,Tour organizado
1026,2021,5,Mayo,Isla Taquile,Baja,Ninguna,0,Otro,16,4.6,22.5,4.0,81.96,Tour organizado
1027,2021,5,Mayo,Cutimbo,Baja,Ninguna,0,Peruano,42,4.6,22.5,4.0,43.84,Tour organizado
1028,2021,5,Mayo,Cutimbo,Baja,Ninguna,0,Estadounidense,8,4.6,22.5,3.7,133.62,Tour organizado
1029,2021,5,Mayo,Cutimbo,Baja,Ninguna,0,Europeo,10,4.6,22.5,3.6,83.65,Transporte propio
1030,2021,5,Mayo,Cutimbo,Baja,Ninguna,0,Asiático,3,4.6,22.5,3.5,97.77,Transporte propio
1031,2021,5,Mayo,Cutimbo,Baja,Ninguna,0,Latinoamericano,4,4.6,22.5,4.2,58.88,Transporte propio
1032,2021,5,Mayo,Cutimbo,Baja,Ninguna,0,Otro,3,4.6,22.5,3.4,89.63,Transporte propio
1033,2021,5,Mayo,Pukara,Baja,Ninguna,0,Peruano,48,4.6,22.5,3.7,46.93,Transporte propio
1034,2021,5,Mayo,Pukara,Baja,Ninguna,0,Estadounidense,12,4.6,22.5,3.9,141.89,Transporte público
1035,2021,5,Mayo,Pukara,Baja,Ninguna,0,Europeo,15,4.6,22.5,3.4,129.8,Transporte propio
1036,2021,5,Mayo,Pukara,Baja,Ninguna,0,Asiático,4,4.6,22.5,3.2,90.53,Transporte propio
1037,2021,5,Mayo,Pukara,Baja,Ninguna,0,Latinoamericano,8,4.6,22.5,4.0,65.66,Transporte propio
1038,2021,5,Mayo,Pukara,Baja,Ninguna,0,Otro,5,4.6,22.5,3.5,82.98,Tour organizado
1039,2021,5,Mayo,Aramu Muru,Baja,Ninguna,0,Peruano,20,4.6,22.5,3.3,53.47,Transporte público
1040,2021,5,Mayo,Aramu Muru,Baja,Ninguna,0,Estadounidense,4,4.6,22.5,3.3,137.61,Transporte propio
1041,2021,5,Mayo,Aramu Muru,Baja,Ninguna,0,Europeo,4,4.6,22.5,3.8,138.5,Transporte propio
1042,2021,5,Mayo,Aramu Muru,Baja,Ninguna,0,Asiático,1,4.6,22.5,3.6,86.51,Transporte propio
1043,2021,5,Mayo,Aramu Muru,Baja,Ninguna,0,Latinoamericano,2,4.6,22.5,3.8,66.5,Transporte propio
1044,2021,5,Mayo,Aramu Muru,Baja,Ninguna,0,Otro,1,4.6,22.5,3.9,79.4,Transporte público
1045,2021,6,Junio,Sillustani,Baja,Inti Raymi,1,Peruano,85,2.7,0.2,3.6,36.02,Tour organizado
1046,2021,6,Junio,Sillustani,Baja,Inti Raymi,1,Estadounidense,40,2.7,0.2,4.1,113.14,Tour organizado
1047,2021,6,Junio,Sillustani,Baja,Inti Raymi,1,Europeo,42,2.7,0.2,3.8,97.69,Tour organizado
1048,2021,6,Junio,Sillustani,Baja,Inti Raymi,1,Asiático,20,2.7,0.2,4.1,89.04,Transporte propio
1049,2021,6,Junio,Sillustani,Baja,Inti Raymi,1,Latinoamericano,31,2.7,0.2,4.4,74.67,Transporte público
1050,2021,6,Junio,Sillustani,Baja,Inti Raymi,1,Otro,13,2.7,0.2,3.9,64.83,Tour organizado
1051,2021,6,Junio,Islas Uros,Baja,Inti Raymi,1,Peruano,185,2.7,0.2,3.8,51.58,Tour organizado
1052,2021,6,Junio,Islas Uros,Baja,Inti Raymi,1,Estadounidense,115,2.7,0.2,3.7,91.42,Lancha turística
1053,2021,6,Junio,Islas Uros,Baja,Inti Raymi,1,Europeo,203,2.7,0.2,4.0,80.55,Lancha turística
1054,2021,6,Junio,Islas Uros,Baja,Inti Raymi,1,Asiático,69,2.7,0.2,4.5,72.42,Tour organizado
1055,2021,6,Junio,Islas Uros,Baja,Inti Raymi,1,Latinoamericano,59,2.7,0.2,4.2,80.03,Lancha turística
1056,2021,6,Junio,Islas Uros,Baja,Inti Raymi,1,Otro,30,2.7,0.2,4.2,77.27,Lancha turística
1057,2021,6,Junio,Isla Taquile,Baja,Inti Raymi,1,Peruano,113,2.7,0.2,3.5,49.42,Lancha turística
1058,2021,6,Junio,Isla Taquile,Baja,Inti Raymi,1,Estadounidense,76,2.7,0.2,4.0,146.7,Lancha turística
1059,2021,6,Junio,Isla Taquile,Baja,Inti Raymi,1,Europeo,84,2.7,0.2,3.6,139.6,Tour organizado
1060,2021,6,Junio,Isla Taquile,Baja,Inti Raymi,1,Asiático,28,2.7,0.2,4.1,102.47,Tour organizado
1061,2021,6,Junio,Isla Taquile,Baja,Inti Raymi,1,Latinoamericano,38,2.7,0.2,3.9,70.45,Tour organizado
1062,2021,6,Junio,Isla Taquile,Baja,Inti Raymi,1,Otro,15,2.7,0.2,3.8,81.9,Lancha turística
1063,2021,6,Junio,Cutimbo,Baja,Inti Raymi,1,Peruano,47,2.7,0.2,3.5,39.7,Tour organizado
1064,2021,6,Junio,Cutimbo,Baja,Inti Raymi,1,Estadounidense,11,2.7,0.2,4.0,93.81,Transporte propio
1065,2021,6,Junio,Cutimbo,Baja,Inti Raymi,1,Europeo,13,2.7,0.2,3.2,137.86,Transporte público
1066,2021,6,Junio,Cutimbo,Baja,Inti Raymi,1,Asiático,4,2.7,0.2,4.0,111.98,Transporte propio
1067,2021,6,Junio,Cutimbo,Baja,Inti Raymi,1,Latinoamericano,8,2.7,0.2,3.7,52.85,Transporte público
1068,2021,6,Junio,Cutimbo,Baja,Inti Raymi,1,Otro,4,2.7,0.2,3.4,91.38,Transporte público
1069,2021,6,Junio,Pukara,Baja,Inti Raymi,1,Peruano,66,2.7,0.2,3.3,48.38,Transporte propio
1070,2021,6,Junio,Pukara,Baja,Inti Raymi,1,Estadounidense,15,2.7,0.2,3.9,142.23,Transporte público
1071,2021,6,Junio,Pukara,Baja,Inti Raymi,1,Europeo,17,2.7,0.2,3.3,86.02,Tour organizado
1072,2021,6,Junio,Pukara,Baja,Inti Raymi,1,Asiático,7,2.7,0.2,3.8,82.01,Transporte público
1073,2021,6,Junio,Pukara,Baja,Inti Raymi,1,Latinoamericano,9,2.7,0.2,3.2,47.44,Tour organizado
1074,2021,6,Junio,Pukara,Baja,Inti Raymi,1,Otro,5,2.7,0.2,3.3,68.92,Transporte público
1075,2021,6,Junio,Aramu Muru,Baja,Inti Raymi,1,Peruano,24,2.7,0.2,3.4,44.83,Transporte propio
1076,2021,6,Junio,Aramu Muru,Baja,Inti Raymi,1,Estadounidense,5,2.7,0.2,4.0,119.88,Transporte propio
1077,2021,6,Junio,Aramu Muru,Baja,Inti Raymi,1,Europeo,7,2.7,0.2,4.0,98.8,Transporte propio
1078,2021,6,Junio,Aramu Muru,Baja,Inti Raymi,1,Asiático,2,2.7,0.2,4.0,70.57,Transporte público
1079,2021,6,Junio,Aramu Muru,Baja,Inti Raymi,1,Latinoamericano,3,2.7,0.2,4.1,55.25,Transporte público
1080,2021,6,Junio,Aramu Muru,Baja,Inti Raymi,1,Otro,2,2.7,0.2,3.3,92.87,Transporte propio
1081,2021,7,Julio,Sillustani,Alta,Fiestas Patrias,1,Peruano,257,0.7,22.0,3.5,51.35,Tour organizado
1082,2021,7,Julio,Sillustani,Alta,Fiestas Patrias,1,Estadounidense,111,0.7,22.0,4.3,118.04,Tour organizado
1083,2021,7,Julio,Sillustani,Alta,Fiestas Patrias,1,Europeo,158,0.7,22.0,3.5,125.06,Transporte público
1084,2021,7,Julio,Sillustani,Alta,Fiestas Patrias,1,Asiático,49,0.7,22.0,3.6,102.9,Tour organizado
1085,2021,7,Julio,Sillustani,Alta,Fiestas Patrias,1,Latinoamericano,69,0.7,22.0,3.4,71.5,Tour organizado
1086,2021,7,Julio,Sillustani,Alta,Fiestas Patrias,1,Otro,27,0.7,22.0,3.7,56.72,Tour organizado
1087,2021,7,Julio,Islas Uros,Alta,Fiestas Patrias,1,Peruano,612,0.7,22.0,3.5,57.66,Tour organizado
1088,2021,7,Julio,Islas Uros,Alta,Fiestas Patrias,1,Estadounidense,474,0.7,22.0,3.8,126.93,Lancha turística
1089,2021,7,Julio,Islas Uros,Alta,Fiestas Patrias,1,Europeo,590,0.7,22.0,3.5,109.99,Tour organizado
1090,2021,7,Julio,Islas Uros,Alta,Fiestas Patrias,1,Asiático,223,0.7,22.0,4.2,123.33,Tour organizado
1091,2021,7,Julio,Islas Uros,Alta,Fiestas Patrias,1,Latinoamericano,175,0.7,22.0,3.7,51.5,Tour organizado
1092,2021,7,Julio,Islas Uros,Alta,Fiestas Patrias,1,Otro,119,0.7,22.0,3.4,67.17,Tour organizado
1093,2021,7,Julio,Isla Taquile,Alta,Fiestas Patrias,1,Peruano,358,0.7,22.0,4.1,43.35,Lancha turística
1094,2021,7,Julio,Isla Taquile,Alta,Fiestas Patrias,1,Estadounidense,175,0.7,22.0,3.7,136.16,Lancha turística
1095,2021,7,Julio,Isla Taquile,Alta,Fiestas Patrias,1,Europeo,314,0.7,22.0,3.8,105.88,Lancha turística
1096,2021,7,Julio,Isla Taquile,Alta,Fiestas Patrias,1,Asiático,110,0.7,22.0,3.8,98.8,Tour organizado
1097,2021,7,Julio,Isla Taquile,Alta,Fiestas Patrias,1,Latinoamericano,101,0.7,22.0,4.0,56.24,Tour organizado
1098,2021,7,Julio,Isla Taquile,Alta,Fiestas Patrias,1,Otro,63,0.7,22.0,3.9,59.31,Lancha turística
1099,2021,7,Julio,Cutimbo,Alta,Fiestas Patrias,1,Peruano,151,0.7,22.0,3.5,43.76,Transporte público
1100,2021,7,Julio,Cutimbo,Alta,Fiestas Patrias,1,Estadounidense,32,0.7,22.0,3.9,128.62,Transporte propio
1101,2021,7,Julio,Cutimbo,Alta,Fiestas Patrias,1,Europeo,40,0.7,22.0,3.2,124.59,Transporte público
1102,2021,7,Julio,Cutimbo,Alta,Fiestas Patrias,1,Asiático,10,0.7,22.0,3.7,110.15,Transporte propio
1103,2021,7,Julio,Cutimbo,Alta,Fiestas Patrias,1,Latinoamericano,20,0.7,22.0,3.3,70.5,Tour organizado
1104,2021,7,Julio,Cutimbo,Alta,Fiestas Patrias,1,Otro,10,0.7,22.0,3.7,58.1,Transporte propio
1105,2021,7,Julio,Pukara,Alta,Fiestas Patrias,1,Peruano,134,0.7,22.0,3.1,36.67,Tour organizado
1106,2021,7,Julio,Pukara,Alta,Fiestas Patrias,1,Estadounidense,37,0.7,22.0,3.8,131.37,Transporte propio
1107,2021,7,Julio,Pukara,Alta,Fiestas Patrias,1,Europeo,36,0.7,22.0,3.2,124.38,Tour organizado
1108,2021,7,Julio,Pukara,Alta,Fiestas Patrias,1,Asiático,17,0.7,22.0,3.2,94.51,Tour organizado
1109,2021,7,Julio,Pukara,Alta,Fiestas Patrias,1,Latinoamericano,23,0.7,22.0,3.6,59.58,Transporte público
1110,2021,7,Julio,Pukara,Alta,Fiestas Patrias,1,Otro,16,0.7,22.0,3.8,58.8,Transporte propio
1111,2021,7,Julio,Aramu Muru,Alta,Fiestas Patrias,1,Peruano,75,0.7,22.0,3.8,33.6,Transporte propio
1112,2021,7,Julio,Aramu Muru,Alta,Fiestas Patrias,1,Estadounidense,17,0.7,22.0,3.1,136.21,Transporte público
1113,2021,7,Julio,Aramu Muru,Alta,Fiestas Patrias,1,Europeo,16,0.7,22.0,3.5,93.42,Transporte propio
1114,2021,7,Julio,Aramu Muru,Alta,Fiestas Patrias,1,Asiático,6,0.7,22.0,3.6,109.03,Transporte propio
1115,2021,7,Julio,Aramu Muru,Alta,Fiestas Patrias,1,Latinoamericano,10,0.7,22.0,3.7,62.16,Tour organizado
1116,2021,7,Julio,Aramu Muru,Alta,Fiestas Patrias,1,Otro,5,0.7,22.0,3.2,75.27,Transporte propio
1117,2021,8,Agosto,Sillustani,Alta,Ninguna,0,Peruano,216,3.5,9.4,4.2,46.35,Tour organizado
1118,2021,8,Agosto,Sillustani,Alta,Ninguna,0,Estadounidense,107,3.5,9.4,3.7,129.59,Tour organizado
1119,2021,8,Agosto,Sillustani,Alta,Ninguna,0,Europeo,120,3.5,9.4,3.9,91.12,Transporte público
1120,2021,8,Agosto,Sillustani,Alta,Ninguna,0,Asiático,49,3.5,9.4,3.6,121.31,Transporte propio
1121,2021,8,Agosto,Sillustani,Alta,Ninguna,0,Latinoamericano,74,3.5,9.4,3.3,46.85,Tour organizado
1122,2021,8,Agosto,Sillustani,Alta,Ninguna,0,Otro,27,3.5,9.4,3.8,103.68,Tour organizado
1123,2021,8,Agosto,Islas Uros,Alta,Ninguna,0,Peruano,488,3.5,9.4,3.5,40.0,Tour organizado
1124,2021,8,Agosto,Islas Uros,Alta,Ninguna,0,Estadounidense,307,3.5,9.4,4.2,120.81,Tour organizado
1125,2021,8,Agosto,Islas Uros,Alta,Ninguna,0,Europeo,398,3.5,9.4,3.5,79.49,Lancha turística
1126,2021,8,Agosto,Islas Uros,Alta,Ninguna,0,Asiático,117,3.5,9.4,3.6,117.21,Lancha turística
1127,2021,8,Agosto,Islas Uros,Alta,Ninguna,0,Latinoamericano,121,3.5,9.4,4.1,49.08,Lancha turística
1128,2021,8,Agosto,Islas Uros,Alta,Ninguna,0,Otro,70,3.5,9.4,3.5,59.71,Lancha turística
1129,2021,8,Agosto,Isla Taquile,Alta,Ninguna,0,Peruano,217,3.5,9.4,4.1,50.12,Tour organizado
1130,2021,8,Agosto,Isla Taquile,Alta,Ninguna,0,Estadounidense,188,3.5,9.4,3.4,130.24,Lancha turística
1131,2021,8,Agosto,Isla Taquile,Alta,Ninguna,0,Europeo,228,3.5,9.4,3.9,82.18,Lancha turística
1132,2021,8,Agosto,Isla Taquile,Alta,Ninguna,0,Asiático,97,3.5,9.4,3.6,116.65,Lancha turística
1133,2021,8,Agosto,Isla Taquile,Alta,Ninguna,0,Latinoamericano,80,3.5,9.4,4.2,79.42,Lancha turística
1134,2021,8,Agosto,Isla Taquile,Alta,Ninguna,0,Otro,45,3.5,9.4,4.1,100.58,Tour organizado
1135,2021,8,Agosto,Cutimbo,Alta,Ninguna,0,Peruano,108,3.5,9.4,3.3,32.61,Transporte propio
1136,2021,8,Agosto,Cutimbo,Alta,Ninguna,0,Estadounidense,23,3.5,9.4,3.7,95.03,Transporte público
1137,2021,8,Agosto,Cutimbo,Alta,Ninguna,0,Europeo,36,3.5,9.4,3.8,114.97,Tour organizado
1138,2021,8,Agosto,Cutimbo,Alta,Ninguna,0,Asiático,9,3.5,9.4,3.3,88.98,Transporte propio
1139,2021,8,Agosto,Cutimbo,Alta,Ninguna,0,Latinoamericano,15,3.5,9.4,3.5,74.57,Transporte público
1140,2021,8,Agosto,Cutimbo,Alta,Ninguna,0,Otro,9,3.5,9.4,3.4,76.86,Transporte propio
1141,2021,8,Agosto,Pukara,Alta,Ninguna,0,Peruano,150,3.5,9.4,3.2,42.17,Transporte propio
1142,2021,8,Agosto,Pukara,Alta,Ninguna,0,Estadounidense,33,3.5,9.4,4.0,121.75,Transporte propio
1143,2021,8,Agosto,Pukara,Alta,Ninguna,0,Europeo,34,3.5,9.4,3.8,98.35,Tour organizado
1144,2021,8,Agosto,Pukara,Alta,Ninguna,0,Asiático,11,3.5,9.4,3.4,87.32,Transporte propio
1145,2021,8,Agosto,Pukara,Alta,Ninguna,0,Latinoamericano,20,3.5,9.4,3.6,46.44,Transporte propio
1146,2021,8,Agosto,Pukara,Alta,Ninguna,0,Otro,11,3.5,9.4,3.3,95.44,Transporte público
1147,2021,8,Agosto,Aramu Muru,Alta,Ninguna,0,Peruano,53,3.5,9.4,3.9,37.8,Transporte propio
1148,2021,8,Agosto,Aramu Muru,Alta,Ninguna,0,Estadounidense,10,3.5,9.4,3.7,90.18,Tour organizado
1149,2021,8,Agosto,Aramu Muru,Alta,Ninguna,0,Europeo,13,3.5,9.4,3.6,86.75,Transporte propio
1150,2021,8,Agosto,Aramu Muru,Alta,Ninguna,0,Asiático,3,3.5,9.4,3.7,72.84,Transporte público
1151,2021,8,Agosto,Aramu Muru,Alta,Ninguna,0,Latinoamericano,7,3.5,9.4,3.3,74.36,Transporte propio
1152,2021,8,Agosto,Aramu Muru,Alta,Ninguna,0,Otro,4,3.5,9.4,3.5,68.42,Transporte público
1153,2021,9,Septiembre,Sillustani,Media,Ninguna,0,Peruano,126,5.9,44.7,3.9,55.96,Transporte público
1154,2021,9,Septiembre,Sillustani,Media,Ninguna,0,Estadounidense,49,5.9,44.7,3.7,104.45,Transporte público
1155,2021,9,Septiembre,Sillustani,Media,Ninguna,0,Europeo,67,5.9,44.7,4.0,139.38,Tour organizado
1156,2021,9,Septiembre,Sillustani,Media,Ninguna,0,Asiático,25,5.9,44.7,3.8,115.07,Tour organizado
1157,2021,9,Septiembre,Sillustani,Media,Ninguna,0,Latinoamericano,46,5.9,44.7,3.5,79.33,Transporte propio
1158,2021,9,Septiembre,Sillustani,Media,Ninguna,0,Otro,15,5.9,44.7,3.9,102.88,Tour organizado
1159,2021,9,Septiembre,Islas Uros,Media,Ninguna,0,Peruano,334,5.9,44.7,4.1,33.88,Lancha turística
1160,2021,9,Septiembre,Islas Uros,Media,Ninguna,0,Estadounidense,224,5.9,44.7,4.0,150.7,Lancha turística
1161,2021,9,Septiembre,Islas Uros,Media,Ninguna,0,Europeo,228,5.9,44.7,4.4,97.13,Lancha turística
1162,2021,9,Septiembre,Islas Uros,Media,Ninguna,0,Asiático,107,5.9,44.7,3.7,86.27,Lancha turística
1163,2021,9,Septiembre,Islas Uros,Media,Ninguna,0,Latinoamericano,105,5.9,44.7,3.8,84.34,Tour organizado
1164,2021,9,Septiembre,Islas Uros,Media,Ninguna,0,Otro,51,5.9,44.7,3.6,68.37,Lancha turística
1165,2021,9,Septiembre,Isla Taquile,Media,Ninguna,0,Peruano,181,5.9,44.7,3.5,46.48,Lancha turística
1166,2021,9,Septiembre,Isla Taquile,Media,Ninguna,0,Estadounidense,95,5.9,44.7,3.8,112.28,Lancha turística
1167,2021,9,Septiembre,Isla Taquile,Media,Ninguna,0,Europeo,111,5.9,44.7,3.9,140.4,Tour organizado
1168,2021,9,Septiembre,Isla Taquile,Media,Ninguna,0,Asiático,61,5.9,44.7,4.2,90.29,Tour organizado
1169,2021,9,Septiembre,Isla Taquile,Media,Ninguna,0,Latinoamericano,46,5.9,44.7,4.5,80.98,Lancha turística
1170,2021,9,Septiembre,Isla Taquile,Media,Ninguna,0,Otro,26,5.9,44.7,3.6,87.32,Tour organizado
1171,2021,9,Septiembre,Cutimbo,Media,Ninguna,0,Peruano,74,5.9,44.7,4.1,39.84,Transporte propio
1172,2021,9,Septiembre,Cutimbo,Media,Ninguna,0,Estadounidense,14,5.9,44.7,4.1,139.44,Transporte propio
1173,2021,9,Septiembre,Cutimbo,Media,Ninguna,0,Europeo,16,5.9,44.7,3.8,139.61,Tour organizado
1174,2021,9,Septiembre,Cutimbo,Media,Ninguna,0,Asiático,5,5.9,44.7,4.0,74.79,Tour organizado
1175,2021,9,Septiembre,Cutimbo,Media,Ninguna,0,Latinoamericano,10,5.9,44.7,4.1,61.65,Transporte público
1176,2021,9,Septiembre,Cutimbo,Media,Ninguna,0,Otro,5,5.9,44.7,3.9,95.44,Transporte propio
1177,2021,9,Septiembre,Pukara,Media,Ninguna,0,Peruano,68,5.9,44.7,3.3,32.21,Transporte propio
1178,2021,9,Septiembre,Pukara,Media,Ninguna,0,Estadounidense,17,5.9,44.7,3.8,126.94,Transporte propio
1179,2021,9,Septiembre,Pukara,Media,Ninguna,0,Europeo,23,5.9,44.7,3.6,122.42,Transporte público
1180,2021,9,Septiembre,Pukara,Media,Ninguna,0,Asiático,6,5.9,44.7,4.0,93.22,Transporte propio
1181,2021,9,Septiembre,Pukara,Media,Ninguna,0,Latinoamericano,9,5.9,44.7,3.6,63.98,Transporte propio
1182,2021,9,Septiembre,Pukara,Media,Ninguna,0,Otro,6,5.9,44.7,3.2,92.7,Tour organizado
1183,2021,9,Septiembre,Aramu Muru,Media,Ninguna,0,Peruano,43,5.9,44.7,3.4,49.63,Transporte propio
1184,2021,9,Septiembre,Aramu Muru,Media,Ninguna,0,Estadounidense,8,5.9,44.7,3.3,150.75,Transporte público
1185,2021,9,Septiembre,Aramu Muru,Media,Ninguna,0,Europeo,11,5.9,44.7,3.7,98.44,Transporte público
1186,2021,9,Septiembre,Aramu Muru,Media,Ninguna,0,Asiático,3,5.9,44.7,3.6,110.74,Transporte público
1187,2021,9,Septiembre,Aramu Muru,Media,Ninguna,0,Latinoamericano,5,5.9,44.7,3.6,82.13,Tour organizado
1188,2021,9,Septiembre,Aramu Muru,Media,Ninguna,0,Otro,3,5.9,44.7,3.7,95.7,Tour organizado
1189,2021,10,Octubre,Sillustani,Media,Ninguna,0,Peruano,134,8.6,39.8,3.5,41.96,Tour organizado
1190,2021,10,Octubre,Sillustani,Media,Ninguna,0,Estadounidense,50,8.6,39.8,3.9,147.68,Tour organizado
1191,2021,10,Octubre,Sillustani,Media,Ninguna,0,Europeo,69,8.6,39.8,3.9,117.47,Tour organizado
1192,2021,10,Octubre,Sillustani,Media,Ninguna,0,Asiático,27,8.6,39.8,4.4,92.92,Transporte propio
1193,2021,10,Octubre,Sillustani,Media,Ninguna,0,Latinoamericano,32,8.6,39.8,4.0,52.51,Transporte público
1194,2021,10,Octubre,Sillustani,Media,Ninguna,0,Otro,18,8.6,39.8,4.2,62.49,Transporte propio
1195,2021,10,Octubre,Islas Uros,Media,Ninguna,0,Peruano,230,8.6,39.8,4.0,55.71,Lancha turística
1196,2021,10,Octubre,Islas Uros,Media,Ninguna,0,Estadounidense,218,8.6,39.8,3.6,107.33,Tour organizado
1197,2021,10,Octubre,Islas Uros,Media,Ninguna,0,Europeo,275,8.6,39.8,4.3,124.41,Lancha turística
1198,2021,10,Octubre,Islas Uros,Media,Ninguna,0,Asiático,79,8.6,39.8,4.2,102.64,Lancha turística
1199,2021,10,Octubre,Islas Uros,Media,Ninguna,0,Latinoamericano,95,8.6,39.8,3.9,76.35,Tour organizado
1200,2021,10,Octubre,Islas Uros,Media,Ninguna,0,Otro,49,8.6,39.8,3.7,82.42,Lancha turística
1201,2021,10,Octubre,Isla Taquile,Media,Ninguna,0,Peruano,181,8.6,39.8,4.1,49.31,Lancha turística
1202,2021,10,Octubre,Isla Taquile,Media,Ninguna,0,Estadounidense,89,8.6,39.8,3.6,139.38,Lancha turística
1203,2021,10,Octubre,Isla Taquile,Media,Ninguna,0,Europeo,125,8.6,39.8,3.8,127.73,Lancha turística
1204,2021,10,Octubre,Isla Taquile,Media,Ninguna,0,Asiático,47,8.6,39.8,3.7,117.72,Lancha turística
1205,2021,10,Octubre,Isla Taquile,Media,Ninguna,0,Latinoamericano,41,8.6,39.8,4.3,45.98,Lancha turística
1206,2021,10,Octubre,Isla Taquile,Media,Ninguna,0,Otro,29,8.6,39.8,4.0,56.28,Lancha turística
1207,2021,10,Octubre,Cutimbo,Media,Ninguna,0,Peruano,62,8.6,39.8,3.7,42.57,Tour organizado
1208,2021,10,Octubre,Cutimbo,Media,Ninguna,0,Estadounidense,13,8.6,39.8,3.2,147.52,Transporte propio
1209,2021,10,Octubre,Cutimbo,Media,Ninguna,0,Europeo,17,8.6,39.8,3.8,131.47,Tour organizado
1210,2021,10,Octubre,Cutimbo,Media,Ninguna,0,Asiático,4,8.6,39.8,3.3,86.39,Transporte propio
1211,2021,10,Octubre,Cutimbo,Media,Ninguna,0,Latinoamericano,10,8.6,39.8,3.9,78.18,Transporte propio
1212,2021,10,Octubre,Cutimbo,Media,Ninguna,0,Otro,5,8.6,39.8,3.3,61.23,Transporte propio
1213,2021,10,Octubre,Pukara,Media,Ninguna,0,Peruano,71,8.6,39.8,3.9,50.4,Transporte propio
1214,2021,10,Octubre,Pukara,Media,Ninguna,0,Estadounidense,20,8.6,39.8,3.9,109.93,Tour organizado
1215,2021,10,Octubre,Pukara,Media,Ninguna,0,Europeo,17,8.6,39.8,3.5,101.33,Transporte público
1216,2021,10,Octubre,Pukara,Media,Ninguna,0,Asiático,8,8.6,39.8,4.0,114.57,Tour organizado
1217,2021,10,Octubre,Pukara,Media,Ninguna,0,Latinoamericano,10,8.6,39.8,3.3,72.59,Transporte propio
1218,2021,10,Octubre,Pukara,Media,Ninguna,0,Otro,6,8.6,39.8,3.6,66.07,Transporte propio
1219,2021,10,Octubre,Aramu Muru,Media,Ninguna,0,Peruano,28,8.6,39.8,3.9,48.48,Tour organizado
1220,2021,10,Octubre,Aramu Muru,Media,Ninguna,0,Estadounidense,7,8.6,39.8,3.9,151.24,Transporte propio
1221,2021,10,Octubre,Aramu Muru,Media,Ninguna,0,Europeo,9,8.6,39.8,4.0,94.14,Transporte propio
1222,2021,10,Octubre,Aramu Muru,Media,Ninguna,0,Asiático,3,8.6,39.8,3.8,94.79,Transporte público
1223,2021,10,Octubre,Aramu Muru,Media,Ninguna,0,Latinoamericano,4,8.6,39.8,3.4,69.27,Transporte propio
1224,2021,10,Octubre,Aramu Muru,Media,Ninguna,0,Otro,3,8.6,39.8,3.2,57.15,Tour organizado
1225,2021,11,Noviembre,Sillustani,Baja,Todos los Santos,1,Peruano,87,8.7,58.3,3.5,40.94,Tour organizado
1226,2021,11,Noviembre,Sillustani,Baja,Todos los Santos,1,Estadounidense,37,8.7,58.3,3.7,104.28,Tour organizado
1227,2021,11,Noviembre,Sillustani,Baja,Todos los Santos,1,Europeo,52,8.7,58.3,4.0,98.38,Tour organizado
1228,2021,11,Noviembre,Sillustani,Baja,Todos los Santos,1,Asiático,17,8.7,58.3,3.8,89.07,Transporte público
1229,2021,11,Noviembre,Sillustani,Baja,Todos los Santos,1,Latinoamericano,32,8.7,58.3,3.5,52.35,Tour organizado
1230,2021,11,Noviembre,Sillustani,Baja,Todos los Santos,1,Otro,14,8.7,58.3,4.4,79.0,Transporte propio
1231,2021,11,Noviembre,Islas Uros,Baja,Todos los Santos,1,Peruano,269,8.7,58.3,4.0,48.43,Tour organizado
1232,2021,11,Noviembre,Islas Uros,Baja,Todos los Santos,1,Estadounidense,196,8.7,58.3,4.0,142.62,Tour organizado
1233,2021,11,Noviembre,Islas Uros,Baja,Todos los Santos,1,Europeo,174,8.7,58.3,4.0,114.29,Tour organizado
1234,2021,11,Noviembre,Islas Uros,Baja,Todos los Santos,1,Asiático,78,8.7,58.3,4.0,78.37,Tour organizado
1235,2021,11,Noviembre,Islas Uros,Baja,Todos los Santos,1,Latinoamericano,79,8.7,58.3,4.4,76.54,Lancha turística
1236,2021,11,Noviembre,Islas Uros,Baja,Todos los Santos,1,Otro,50,8.7,58.3,3.8,57.5,Lancha turística
1237,2021,11,Noviembre,Isla Taquile,Baja,Todos los Santos,1,Peruano,132,8.7,58.3,4.1,42.02,Tour organizado
1238,2021,11,Noviembre,Isla Taquile,Baja,Todos los Santos,1,Estadounidense,65,8.7,58.3,4.3,106.2,Lancha turística
1239,2021,11,Noviembre,Isla Taquile,Baja,Todos los Santos,1,Europeo,105,8.7,58.3,3.8,82.73,Lancha turística
1240,2021,11,Noviembre,Isla Taquile,Baja,Todos los Santos,1,Asiático,36,8.7,58.3,4.3,83.75,Tour organizado
1241,2021,11,Noviembre,Isla Taquile,Baja,Todos los Santos,1,Latinoamericano,35,8.7,58.3,3.6,76.11,Lancha turística
1242,2021,11,Noviembre,Isla Taquile,Baja,Todos los Santos,1,Otro,22,8.7,58.3,3.9,57.2,Lancha turística
1243,2021,11,Noviembre,Cutimbo,Baja,Todos los Santos,1,Peruano,49,8.7,58.3,3.5,44.55,Transporte propio
1244,2021,11,Noviembre,Cutimbo,Baja,Todos los Santos,1,Estadounidense,13,8.7,58.3,3.3,146.77,Transporte propio
1245,2021,11,Noviembre,Cutimbo,Baja,Todos los Santos,1,Europeo,13,8.7,58.3,3.2,102.58,Tour organizado
1246,2021,11,Noviembre,Cutimbo,Baja,Todos los Santos,1,Asiático,4,8.7,58.3,4.1,105.66,Tour organizado
1247,2021,11,Noviembre,Cutimbo,Baja,Todos los Santos,1,Latinoamericano,7,8.7,58.3,4.1,49.52,Transporte propio
1248,2021,11,Noviembre,Cutimbo,Baja,Todos los Santos,1,Otro,4,8.7,58.3,4.0,86.66,Transporte propio
1249,2021,11,Noviembre,Pukara,Baja,Todos los Santos,1,Peruano,56,8.7,58.3,3.5,40.12,Transporte público
1250,2021,11,Noviembre,Pukara,Baja,Todos los Santos,1,Estadounidense,15,8.7,58.3,3.5,95.34,Tour organizado
1251,2021,11,Noviembre,Pukara,Baja,Todos los Santos,1,Europeo,14,8.7,58.3,3.8,110.93,Transporte propio
1252,2021,11,Noviembre,Pukara,Baja,Todos los Santos,1,Asiático,6,8.7,58.3,3.7,81.95,Transporte propio
1253,2021,11,Noviembre,Pukara,Baja,Todos los Santos,1,Latinoamericano,9,8.7,58.3,3.4,57.64,Transporte propio
1254,2021,11,Noviembre,Pukara,Baja,Todos los Santos,1,Otro,5,8.7,58.3,3.3,57.39,Tour organizado
1255,2021,11,Noviembre,Aramu Muru,Baja,Todos los Santos,1,Peruano,18,8.7,58.3,3.6,36.33,Transporte público
1256,2021,11,Noviembre,Aramu Muru,Baja,Todos los Santos,1,Estadounidense,5,8.7,58.3,3.5,142.86,Tour organizado
1257,2021,11,Noviembre,Aramu Muru,Baja,Todos los Santos,1,Europeo,7,8.7,58.3,4.0,107.74,Transporte propio
1258,2021,11,Noviembre,Aramu Muru,Baja,Todos los Santos,1,Asiático,1,8.7,58.3,4.0,106.32,Tour organizado
1259,2021,11,Noviembre,Aramu Muru,Baja,Todos los Santos,1,Latinoamericano,3,8.7,58.3,3.9,73.2,Transporte público
1260,2021,11,Noviembre,Aramu Muru,Baja,Todos los Santos,1,Otro,2,8.7,58.3,4.1,62.9,Transporte propio
1261,2021,12,Diciembre,Sillustani,Alta,Navidad,1,Peruano,263,9.7,105.7,3.8,55.32,Transporte propio
1262,2021,12,Diciembre,Sillustani,Alta,Navidad,1,Estadounidense,126,9.7,105.7,3.1,92.13,Transporte propio
1263,2021,12,Diciembre,Sillustani,Alta,Navidad,1,Europeo,152,9.7,105.7,3.2,127.68,Transporte público
1264,2021,12,Diciembre,Sillustani,Alta,Navidad,1,Asiático,58,9.7,105.7,3.5,89.62,Tour organizado
1265,2021,12,Diciembre,Sillustani,Alta,Navidad,1,Latinoamericano,78,9.7,105.7,3.6,76.4,Transporte público
1266,2021,12,Diciembre,Sillustani,Alta,Navidad,1,Otro,34,9.7,105.7,3.6,67.45,Tour organizado
1267,2021,12,Diciembre,Islas Uros,Alta,Navidad,1,Peruano,752,9.7,105.7,3.4,40.7,Tour organizado
1268,2021,12,Diciembre,Islas Uros,Alta,Navidad,1,Estadounidense,437,9.7,105.7,3.8,115.35,Lancha turística
1269,2021,12,Diciembre,Islas Uros,Alta,Navidad,1,Europeo,536,9.7,105.7,3.2,120.73,Lancha turística
1270,2021,12,Diciembre,Islas Uros,Alta,Navidad,1,Asiático,231,9.7,105.7,3.7,114.19,Lancha turística
1271,2021,12,Diciembre,Islas Uros,Alta,Navidad,1,Latinoamericano,218,9.7,105.7,3.5,67.15,Lancha turística
1272,2021,12,Diciembre,Islas Uros,Alta,Navidad,1,Otro,91,9.7,105.7,4.0,59.34,Lancha turística
1273,2021,12,Diciembre,Isla Taquile,Alta,Navidad,1,Peruano,328,9.7,105.7,3.8,40.34,Tour organizado
1274,2021,12,Diciembre,Isla Taquile,Alta,Navidad,1,Estadounidense,224,9.7,105.7,3.1,142.83,Tour organizado
1275,2021,12,Diciembre,Isla Taquile,Alta,Navidad,1,Europeo,305,9.7,105.7,3.6,77.01,Lancha turística
1276,2021,12,Diciembre,Isla Taquile,Alta,Navidad,1,Asiático,112,9.7,105.7,3.5,83.12,Tour organizado
1277,2021,12,Diciembre,Isla Taquile,Alta,Navidad,1,Latinoamericano,108,9.7,105.7,3.2,72.08,Lancha turística
1278,2021,12,Diciembre,Isla Taquile,Alta,Navidad,1,Otro,48,9.7,105.7,3.8,88.62,Lancha turística
1279,2021,12,Diciembre,Cutimbo,Alta,Navidad,1,Peruano,169,9.7,105.7,3.7,47.23,Transporte público
1280,2021,12,Diciembre,Cutimbo,Alta,Navidad,1,Estadounidense,36,9.7,105.7,3.6,88.49,Tour organizado
1281,2021,12,Diciembre,Cutimbo,Alta,Navidad,1,Europeo,31,9.7,105.7,3.3,141.59,Tour organizado
1282,2021,12,Diciembre,Cutimbo,Alta,Navidad,1,Asiático,15,9.7,105.7,3.6,79.91,Transporte público
1283,2021,12,Diciembre,Cutimbo,Alta,Navidad,1,Latinoamericano,22,9.7,105.7,3.4,61.34,Transporte público
1284,2021,12,Diciembre,Cutimbo,Alta,Navidad,1,Otro,13,9.7,105.7,3.4,78.79,Transporte propio
1285,2021,12,Diciembre,Pukara,Alta,Navidad,1,Peruano,211,9.7,105.7,3.1,42.77,Transporte propio
1286,2021,12,Diciembre,Pukara,Alta,Navidad,1,Estadounidense,48,9.7,105.7,3.4,93.67,Tour organizado
1287,2021,12,Diciembre,Pukara,Alta,Navidad,1,Europeo,53,9.7,105.7,2.8,135.4,Transporte público
1288,2021,12,Diciembre,Pukara,Alta,Navidad,1,Asiático,20,9.7,105.7,2.8,74.32,Transporte público
1289,2021,12,Diciembre,Pukara,Alta,Navidad,1,Latinoamericano,30,9.7,105.7,3.6,72.62,Transporte público
1290,2021,12,Diciembre,Pukara,Alta,Navidad,1,Otro,17,9.7,105.7,3.2,76.36,Transporte público
1291,2021,12,Diciembre,Aramu Muru,Alta,Navidad,1,Peruano,58,9.7,105.7,3.1,31.7,Transporte público
1292,2021,12,Diciembre,Aramu Muru,Alta,Navidad,1,Estadounidense,16,9.7,105.7,2.9,120.12,Transporte público
1293,2021,12,Diciembre,Aramu Muru,Alta,Navidad,1,Europeo,21,9.7,105.7,3.3,79.21,Tour organizado
1294,2021,12,Diciembre,Aramu Muru,Alta,Navidad,1,Asiático,6,9.7,105.7,3.4,72.95,Transporte público
1295,2021,12,Diciembre,Aramu Muru,Alta,Navidad,1,Latinoamericano,11,9.7,105.7,2.8,73.98,Transporte propio
1296,2021,12,Diciembre,Aramu Muru,Alta,Navidad,1,Otro,5,9.7,105.7,2.8,98.72,Tour organizado
1297,2022,1,Enero,Sillustani,Alta,Ninguna,0,Peruano,426,7.7,145.2,3.7,46.06,Transporte público
1298,2022,1,Enero,Sillustani,Alta,Ninguna,0,Estadounidense,189,7.7,145.2,3.1,108.74,Tour organizado
1299,2022,1,Enero,Sillustani,Alta,Ninguna,0,Europeo,247,7.7,145.2,3.5,107.97,Tour organizado
1300,2022,1,Enero,Sillustani,Alta,Ninguna,0,Asiático,88,7.7,145.2,4.0,112.0,Tour organizado
1301,2022,1,Enero,Sillustani,Alta,Ninguna,0,Latinoamericano,118,7.7,145.2,3.7,68.81,Tour organizado
1302,2022,1,Enero,Sillustani,Alta,Ninguna,0,Otro,62,7.7,145.2,3.6,58.95,Transporte propio
1303,2022,1,Enero,Islas Uros,Alta,Ninguna,0,Peruano,1074,7.7,145.2,3.7,39.38,Tour organizado
1304,2022,1,Enero,Islas Uros,Alta,Ninguna,0,Estadounidense,730,7.7,145.2,3.3,89.94,Tour organizado
1305,2022,1,Enero,Islas Uros,Alta,Ninguna,0,Europeo,722,7.7,145.2,3.8,93.64,Tour organizado
1306,2022,1,Enero,Islas Uros,Alta,Ninguna,0,Asiático,317,7.7,145.2,3.9,67.31,Lancha turística
1307,2022,1,Enero,Islas Uros,Alta,Ninguna,0,Latinoamericano,362,7.7,145.2,3.9,74.32,Tour organizado
1308,2022,1,Enero,Islas Uros,Alta,Ninguna,0,Otro,170,7.7,145.2,3.8,68.54,Tour organizado
1309,2022,1,Enero,Isla Taquile,Alta,Ninguna,0,Peruano,393,7.7,145.2,3.5,32.39,Lancha turística
1310,2022,1,Enero,Isla Taquile,Alta,Ninguna,0,Estadounidense,356,7.7,145.2,3.6,143.16,Lancha turística
1311,2022,1,Enero,Isla Taquile,Alta,Ninguna,0,Europeo,413,7.7,145.2,3.4,102.29,Tour organizado
1312,2022,1,Enero,Isla Taquile,Alta,Ninguna,0,Asiático,146,7.7,145.2,3.6,78.52,Tour organizado
1313,2022,1,Enero,Isla Taquile,Alta,Ninguna,0,Latinoamericano,170,7.7,145.2,3.1,55.81,Lancha turística
1314,2022,1,Enero,Isla Taquile,Alta,Ninguna,0,Otro,61,7.7,145.2,3.5,78.86,Lancha turística
1315,2022,1,Enero,Cutimbo,Alta,Ninguna,0,Peruano,265,7.7,145.2,3.2,41.75,Transporte público
1316,2022,1,Enero,Cutimbo,Alta,Ninguna,0,Estadounidense,52,7.7,145.2,2.8,146.66,Tour organizado
1317,2022,1,Enero,Cutimbo,Alta,Ninguna,0,Europeo,60,7.7,145.2,3.5,102.21,Transporte propio
1318,2022,1,Enero,Cutimbo,Alta,Ninguna,0,Asiático,25,7.7,145.2,3.4,68.84,Transporte propio
1319,2022,1,Enero,Cutimbo,Alta,Ninguna,0,Latinoamericano,41,7.7,145.2,3.1,81.3,Transporte propio
1320,2022,1,Enero,Cutimbo,Alta,Ninguna,0,Otro,20,7.7,145.2,3.0,60.72,Transporte público
1321,2022,1,Enero,Pukara,Alta,Ninguna,0,Peruano,316,7.7,145.2,2.9,49.64,Transporte propio
1322,2022,1,Enero,Pukara,Alta,Ninguna,0,Estadounidense,64,7.7,145.2,3.4,155.51,Transporte propio
1323,2022,1,Enero,Pukara,Alta,Ninguna,0,Europeo,82,7.7,145.2,3.4,131.89,Tour organizado
1324,2022,1,Enero,Pukara,Alta,Ninguna,0,Asiático,25,7.7,145.2,3.2,105.57,Transporte propio
1325,2022,1,Enero,Pukara,Alta,Ninguna,0,Latinoamericano,38,7.7,145.2,3.0,53.03,Tour organizado
1326,2022,1,Enero,Pukara,Alta,Ninguna,0,Otro,28,7.7,145.2,2.8,84.52,Transporte propio
1327,2022,1,Enero,Aramu Muru,Alta,Ninguna,0,Peruano,134,7.7,145.2,3.4,34.74,Transporte propio
1328,2022,1,Enero,Aramu Muru,Alta,Ninguna,0,Estadounidense,26,7.7,145.2,3.5,130.65,Transporte propio
1329,2022,1,Enero,Aramu Muru,Alta,Ninguna,0,Europeo,40,7.7,145.2,3.4,93.72,Transporte público
1330,2022,1,Enero,Aramu Muru,Alta,Ninguna,0,Asiático,12,7.7,145.2,2.8,92.35,Transporte propio
1331,2022,1,Enero,Aramu Muru,Alta,Ninguna,0,Latinoamericano,20,7.7,145.2,3.4,71.54,Transporte propio
1332,2022,1,Enero,Aramu Muru,Alta,Ninguna,0,Otro,10,7.7,145.2,3.5,69.31,Tour organizado
1333,2022,2,Febrero,Sillustani,Alta,Fiesta de la Candelaria,1,Peruano,507,7.9,113.3,3.3,43.4,Transporte propio
1334,2022,2,Febrero,Sillustani,Alta,Fiesta de la Candelaria,1,Estadounidense,263,7.9,113.3,3.2,112.27,Transporte propio
1335,2022,2,Febrero,Sillustani,Alta,Fiesta de la Candelaria,1,Europeo,227,7.9,113.3,3.5,105.46,Transporte público
1336,2022,2,Febrero,Sillustani,Alta,Fiesta de la Candelaria,1,Asiático,103,7.9,113.3,3.9,107.28,Tour organizado
1337,2022,2,Febrero,Sillustani,Alta,Fiesta de la Candelaria,1,Latinoamericano,119,7.9,113.3,3.1,73.87,Transporte propio
1338,2022,2,Febrero,Sillustani,Alta,Fiesta de la Candelaria,1,Otro,49,7.9,113.3,3.5,87.34,Tour organizado
1339,2022,2,Febrero,Islas Uros,Alta,Fiesta de la Candelaria,1,Peruano,1596,7.9,113.3,3.3,50.4,Lancha turística
1340,2022,2,Febrero,Islas Uros,Alta,Fiesta de la Candelaria,1,Estadounidense,1028,7.9,113.3,3.5,151.67,Lancha turística
1341,2022,2,Febrero,Islas Uros,Alta,Fiesta de la Candelaria,1,Europeo,1237,7.9,113.3,3.4,125.03,Lancha turística
1342,2022,2,Febrero,Islas Uros,Alta,Fiesta de la Candelaria,1,Asiático,507,7.9,113.3,3.0,120.89,Lancha turística
1343,2022,2,Febrero,Islas Uros,Alta,Fiesta de la Candelaria,1,Latinoamericano,423,7.9,113.3,3.5,84.17,Lancha turística
1344,2022,2,Febrero,Islas Uros,Alta,Fiesta de la Candelaria,1,Otro,267,7.9,113.3,3.4,86.35,Tour organizado
1345,2022,2,Febrero,Isla Taquile,Alta,Fiesta de la Candelaria,1,Peruano,566,7.9,113.3,4.0,33.67,Lancha turística
1346,2022,2,Febrero,Isla Taquile,Alta,Fiesta de la Candelaria,1,Estadounidense,410,7.9,113.3,3.3,98.62,Tour organizado
1347,2022,2,Febrero,Isla Taquile,Alta,Fiesta de la Candelaria,1,Europeo,379,7.9,113.3,3.4,89.61,Tour organizado
1348,2022,2,Febrero,Isla Taquile,Alta,Fiesta de la Candelaria,1,Asiático,177,7.9,113.3,3.1,105.76,Lancha turística
1349,2022,2,Febrero,Isla Taquile,Alta,Fiesta de la Candelaria,1,Latinoamericano,155,7.9,113.3,3.6,74.18,Lancha turística
1350,2022,2,Febrero,Isla Taquile,Alta,Fiesta de la Candelaria,1,Otro,75,7.9,113.3,3.0,103.83,Lancha turística
1351,2022,2,Febrero,Cutimbo,Alta,Fiesta de la Candelaria,1,Peruano,239,7.9,113.3,3.2,39.81,Transporte público
1352,2022,2,Febrero,Cutimbo,Alta,Fiesta de la Candelaria,1,Estadounidense,75,7.9,113.3,2.7,108.43,Transporte propio
1353,2022,2,Febrero,Cutimbo,Alta,Fiesta de la Candelaria,1,Europeo,88,7.9,113.3,2.7,84.8,Transporte público
1354,2022,2,Febrero,Cutimbo,Alta,Fiesta de la Candelaria,1,Asiático,31,7.9,113.3,3.6,97.08,Transporte propio
1355,2022,2,Febrero,Cutimbo,Alta,Fiesta de la Candelaria,1,Latinoamericano,49,7.9,113.3,2.7,51.02,Tour organizado
1356,2022,2,Febrero,Cutimbo,Alta,Fiesta de la Candelaria,1,Otro,26,7.9,113.3,3.6,58.2,Transporte propio
1357,2022,2,Febrero,Pukara,Alta,Fiesta de la Candelaria,1,Peruano,349,7.9,113.3,3.6,53.66,Tour organizado
1358,2022,2,Febrero,Pukara,Alta,Fiesta de la Candelaria,1,Estadounidense,71,7.9,113.3,2.9,126.56,Tour organizado
1359,2022,2,Febrero,Pukara,Alta,Fiesta de la Candelaria,1,Europeo,76,7.9,113.3,3.3,117.63,Tour organizado
1360,2022,2,Febrero,Pukara,Alta,Fiesta de la Candelaria,1,Asiático,33,7.9,113.3,3.1,112.76,Transporte público
1361,2022,2,Febrero,Pukara,Alta,Fiesta de la Candelaria,1,Latinoamericano,44,7.9,113.3,3.7,67.96,Transporte propio
1362,2022,2,Febrero,Pukara,Alta,Fiesta de la Candelaria,1,Otro,28,7.9,113.3,3.7,66.24,Tour organizado
1363,2022,2,Febrero,Aramu Muru,Alta,Fiesta de la Candelaria,1,Peruano,139,7.9,113.3,2.8,35.31,Transporte público
1364,2022,2,Febrero,Aramu Muru,Alta,Fiesta de la Candelaria,1,Estadounidense,28,7.9,113.3,3.1,95.88,Transporte propio
1365,2022,2,Febrero,Aramu Muru,Alta,Fiesta de la Candelaria,1,Europeo,47,7.9,113.3,2.7,83.6,Transporte público
1366,2022,2,Febrero,Aramu Muru,Alta,Fiesta de la Candelaria,1,Asiático,15,7.9,113.3,2.7,94.26,Tour organizado
1367,2022,2,Febrero,Aramu Muru,Alta,Fiesta de la Candelaria,1,Latinoamericano,17,7.9,113.3,3.6,73.06,Transporte propio
1368,2022,2,Febrero,Aramu Muru,Alta,Fiesta de la Candelaria,1,Otro,13,7.9,113.3,3.5,93.08,Transporte propio
1369,2022,3,Marzo,Sillustani,Media,Ninguna,0,Peruano,230,7.1,115.6,4.1,47.98,Tour organizado
1370,2022,3,Marzo,Sillustani,Media,Ninguna,0,Estadounidense,127,7.1,115.6,3.9,128.07,Tour organizado
1371,2022,3,Marzo,Sillustani,Media,Ninguna,0,Europeo,158,7.1,115.6,4.0,99.96,Tour organizado
1372,2022,3,Marzo,Sillustani,Media,Ninguna,0,Asiático,55,7.1,115.6,3.4,122.74,Tour organizado
1373,2022,3,Marzo,Sillustani,Media,Ninguna,0,Latinoamericano,85,7.1,115.6,4.1,83.98,Transporte público
1374,2022,3,Marzo,Sillustani,Media,Ninguna,0,Otro,30,7.1,115.6,4.0,87.65,Tour organizado
1375,2022,3,Marzo,Islas Uros,Media,Ninguna,0,Peruano,466,7.1,115.6,3.3,54.28,Lancha turística
1376,2022,3,Marzo,Islas Uros,Media,Ninguna,0,Estadounidense,367,7.1,115.6,3.4,150.43,Lancha turística
1377,2022,3,Marzo,Islas Uros,Media,Ninguna,0,Europeo,486,7.1,115.6,3.5,105.69,Lancha turística
1378,2022,3,Marzo,Islas Uros,Media,Ninguna,0,Asiático,192,7.1,115.6,4.1,92.33,Lancha turística
1379,2022,3,Marzo,Islas Uros,Media,Ninguna,0,Latinoamericano,201,7.1,115.6,4.1,52.36,Lancha turística
1380,2022,3,Marzo,Islas Uros,Media,Ninguna,0,Otro,91,7.1,115.6,3.3,98.96,Tour organizado
1381,2022,3,Marzo,Isla Taquile,Media,Ninguna,0,Peruano,310,7.1,115.6,3.6,51.67,Lancha turística
1382,2022,3,Marzo,Isla Taquile,Media,Ninguna,0,Estadounidense,178,7.1,115.6,3.3,100.4,Lancha turística
1383,2022,3,Marzo,Isla Taquile,Media,Ninguna,0,Europeo,274,7.1,115.6,4.1,101.79,Lancha turística
1384,2022,3,Marzo,Isla Taquile,Media,Ninguna,0,Asiático,83,7.1,115.6,3.8,69.6,Lancha turística
1385,2022,3,Marzo,Isla Taquile,Media,Ninguna,0,Latinoamericano,86,7.1,115.6,4.1,63.24,Lancha turística
1386,2022,3,Marzo,Isla Taquile,Media,Ninguna,0,Otro,47,7.1,115.6,3.7,65.32,Lancha turística
1387,2022,3,Marzo,Cutimbo,Media,Ninguna,0,Peruano,140,7.1,115.6,3.0,50.19,Tour organizado
1388,2022,3,Marzo,Cutimbo,Media,Ninguna,0,Estadounidense,31,7.1,115.6,3.0,117.52,Transporte público
1389,2022,3,Marzo,Cutimbo,Media,Ninguna,0,Europeo,37,7.1,115.6,3.2,135.5,Transporte propio
1390,2022,3,Marzo,Cutimbo,Media,Ninguna,0,Asiático,16,7.1,115.6,3.5,101.36,Transporte propio
1391,2022,3,Marzo,Cutimbo,Media,Ninguna,0,Latinoamericano,24,7.1,115.6,3.5,54.46,Transporte público
1392,2022,3,Marzo,Cutimbo,Media,Ninguna,0,Otro,16,7.1,115.6,3.4,103.79,Transporte público
1393,2022,3,Marzo,Pukara,Media,Ninguna,0,Peruano,187,7.1,115.6,3.6,51.38,Transporte propio
1394,2022,3,Marzo,Pukara,Media,Ninguna,0,Estadounidense,40,7.1,115.6,3.3,100.01,Transporte propio
1395,2022,3,Marzo,Pukara,Media,Ninguna,0,Europeo,65,7.1,115.6,3.8,104.57,Tour organizado
1396,2022,3,Marzo,Pukara,Media,Ninguna,0,Asiático,15,7.1,115.6,3.4,110.31,Tour organizado
1397,2022,3,Marzo,Pukara,Media,Ninguna,0,Latinoamericano,29,7.1,115.6,3.3,77.08,Tour organizado
1398,2022,3,Marzo,Pukara,Media,Ninguna,0,Otro,18,7.1,115.6,3.1,82.81,Tour organizado
1399,2022,3,Marzo,Aramu Muru,Media,Ninguna,0,Peruano,70,7.1,115.6,3.1,41.18,Transporte propio
1400,2022,3,Marzo,Aramu Muru,Media,Ninguna,0,Estadounidense,17,7.1,115.6,3.0,118.54,Transporte propio
1401,2022,3,Marzo,Aramu Muru,Media,Ninguna,0,Europeo,17,7.1,115.6,3.4,114.65,Tour organizado
1402,2022,3,Marzo,Aramu Muru,Media,Ninguna,0,Asiático,7,7.1,115.6,3.4,74.4,Transporte público
1403,2022,3,Marzo,Aramu Muru,Media,Ninguna,0,Latinoamericano,9,7.1,115.6,3.8,69.95,Tour organizado
1404,2022,3,Marzo,Aramu Muru,Media,Ninguna,0,Otro,7,7.1,115.6,3.0,98.88,Transporte propio
1405,2022,4,Abril,Sillustani,Media,Semana Santa,1,Peruano,359,6.6,36.9,4.1,47.03,Tour organizado
1406,2022,4,Abril,Sillustani,Media,Semana Santa,1,Estadounidense,190,6.6,36.9,3.6,147.42,Tour organizado
1407,2022,4,Abril,Sillustani,Media,Semana Santa,1,Europeo,210,6.6,36.9,4.4,101.02,Tour organizado
1408,2022,4,Abril,Sillustani,Media,Semana Santa,1,Asiático,64,6.6,36.9,3.9,101.79,Tour organizado
1409,2022,4,Abril,Sillustani,Media,Semana Santa,1,Latinoamericano,108,6.6,36.9,4.1,72.99,Transporte público
1410,2022,4,Abril,Sillustani,Media,Semana Santa,1,Otro,51,6.6,36.9,3.7,103.1,Tour organizado
1411,2022,4,Abril,Islas Uros,Media,Semana Santa,1,Peruano,888,6.6,36.9,4.2,51.81,Tour organizado
1412,2022,4,Abril,Islas Uros,Media,Semana Santa,1,Estadounidense,494,6.6,36.9,4.2,100.23,Lancha turística
1413,2022,4,Abril,Islas Uros,Media,Semana Santa,1,Europeo,809,6.6,36.9,4.0,104.91,Lancha turística
1414,2022,4,Abril,Islas Uros,Media,Semana Santa,1,Asiático,230,6.6,36.9,3.8,94.21,Tour organizado
1415,2022,4,Abril,Islas Uros,Media,Semana Santa,1,Latinoamericano,316,6.6,36.9,4.0,66.24,Tour organizado
1416,2022,4,Abril,Islas Uros,Media,Semana Santa,1,Otro,162,6.6,36.9,4.0,73.67,Tour organizado
1417,2022,4,Abril,Isla Taquile,Media,Semana Santa,1,Peruano,506,6.6,36.9,4.4,33.27,Lancha turística
1418,2022,4,Abril,Isla Taquile,Media,Semana Santa,1,Estadounidense,250,6.6,36.9,3.9,96.87,Lancha turística
1419,2022,4,Abril,Isla Taquile,Media,Semana Santa,1,Europeo,317,6.6,36.9,3.8,123.01,Lancha turística
1420,2022,4,Abril,Isla Taquile,Media,Semana Santa,1,Asiático,129,6.6,36.9,3.7,120.77,Lancha turística
1421,2022,4,Abril,Isla Taquile,Media,Semana Santa,1,Latinoamericano,137,6.6,36.9,4.5,66.62,Lancha turística
1422,2022,4,Abril,Isla Taquile,Media,Semana Santa,1,Otro,74,6.6,36.9,3.9,91.41,Lancha turística
1423,2022,4,Abril,Cutimbo,Media,Semana Santa,1,Peruano,140,6.6,36.9,4.1,37.77,Transporte propio
1424,2022,4,Abril,Cutimbo,Media,Semana Santa,1,Estadounidense,35,6.6,36.9,3.5,130.52,Transporte propio
1425,2022,4,Abril,Cutimbo,Media,Semana Santa,1,Europeo,46,6.6,36.9,3.9,111.99,Transporte público
1426,2022,4,Abril,Cutimbo,Media,Semana Santa,1,Asiático,15,6.6,36.9,3.8,117.7,Transporte propio
1427,2022,4,Abril,Cutimbo,Media,Semana Santa,1,Latinoamericano,21,6.6,36.9,3.5,64.39,Transporte propio
1428,2022,4,Abril,Cutimbo,Media,Semana Santa,1,Otro,17,6.6,36.9,3.2,72.95,Transporte público
1429,2022,4,Abril,Pukara,Media,Semana Santa,1,Peruano,289,6.6,36.9,3.4,45.95,Transporte propio
1430,2022,4,Abril,Pukara,Media,Semana Santa,1,Estadounidense,71,6.6,36.9,4.0,133.89,Transporte propio
1431,2022,4,Abril,Pukara,Media,Semana Santa,1,Europeo,65,6.6,36.9,3.3,142.59,Transporte propio
1432,2022,4,Abril,Pukara,Media,Semana Santa,1,Asiático,24,6.6,36.9,3.6,78.19,Tour organizado
1433,2022,4,Abril,Pukara,Media,Semana Santa,1,Latinoamericano,42,6.6,36.9,4.2,51.27,Transporte público
1434,2022,4,Abril,Pukara,Media,Semana Santa,1,Otro,25,6.6,36.9,3.4,70.47,Tour organizado
1435,2022,4,Abril,Aramu Muru,Media,Semana Santa,1,Peruano,88,6.6,36.9,3.3,43.87,Transporte propio
1436,2022,4,Abril,Aramu Muru,Media,Semana Santa,1,Estadounidense,16,6.6,36.9,4.2,123.32,Transporte propio
1437,2022,4,Abril,Aramu Muru,Media,Semana Santa,1,Europeo,25,6.6,36.9,3.5,136.13,Transporte propio
1438,2022,4,Abril,Aramu Muru,Media,Semana Santa,1,Asiático,9,6.6,36.9,3.9,119.07,Transporte propio
1439,2022,4,Abril,Aramu Muru,Media,Semana Santa,1,Latinoamericano,13,6.6,36.9,3.9,80.61,Transporte propio
1440,2022,4,Abril,Aramu Muru,Media,Semana Santa,1,Otro,8,6.6,36.9,3.3,57.19,Transporte propio
1441,2022,5,Mayo,Sillustani,Baja,Ninguna,0,Peruano,130,3.3,0,4.1,37.5,Tour organizado
1442,2022,5,Mayo,Sillustani,Baja,Ninguna,0,Estadounidense,55,3.3,0,3.6,145.16,Tour organizado
1443,2022,5,Mayo,Sillustani,Baja,Ninguna,0,Europeo,92,3.3,0,3.9,109.37,Transporte público
1444,2022,5,Mayo,Sillustani,Baja,Ninguna,0,Asiático,29,3.3,0,4.4,118.28,Tour organizado
1445,2022,5,Mayo,Sillustani,Baja,Ninguna,0,Latinoamericano,40,3.3,0,4.2,62.18,Transporte propio
1446,2022,5,Mayo,Sillustani,Baja,Ninguna,0,Otro,16,3.3,0,3.8,72.87,Transporte propio
1447,2022,5,Mayo,Islas Uros,Baja,Ninguna,0,Peruano,355,3.3,0,4.2,43.49,Lancha turística
1448,2022,5,Mayo,Islas Uros,Baja,Ninguna,0,Estadounidense,318,3.3,0,3.8,142.01,Lancha turística
1449,2022,5,Mayo,Islas Uros,Baja,Ninguna,0,Europeo,386,3.3,0,3.9,132.14,Tour organizado
1450,2022,5,Mayo,Islas Uros,Baja,Ninguna,0,Asiático,118,3.3,0,3.7,93.55,Tour organizado
1451,2022,5,Mayo,Islas Uros,Baja,Ninguna,0,Latinoamericano,169,3.3,0,3.6,82.94,Lancha turística
1452,2022,5,Mayo,Islas Uros,Baja,Ninguna,0,Otro,59,3.3,0,3.9,99.89,Lancha turística
1453,2022,5,Mayo,Isla Taquile,Baja,Ninguna,0,Peruano,163,3.3,0,4.1,56.2,Lancha turística
1454,2022,5,Mayo,Isla Taquile,Baja,Ninguna,0,Estadounidense,96,3.3,0,3.9,123.88,Lancha turística
1455,2022,5,Mayo,Isla Taquile,Baja,Ninguna,0,Europeo,155,3.3,0,3.8,115.62,Lancha turística
1456,2022,5,Mayo,Isla Taquile,Baja,Ninguna,0,Asiático,56,3.3,0,4.0,68.03,Lancha turística
1457,2022,5,Mayo,Isla Taquile,Baja,Ninguna,0,Latinoamericano,47,3.3,0,3.8,70.48,Tour organizado
1458,2022,5,Mayo,Isla Taquile,Baja,Ninguna,0,Otro,27,3.3,0,4.2,98.85,Lancha turística
1459,2022,5,Mayo,Cutimbo,Baja,Ninguna,0,Peruano,88,3.3,0,3.8,32.27,Transporte propio
1460,2022,5,Mayo,Cutimbo,Baja,Ninguna,0,Estadounidense,16,3.3,0,4.2,127.12,Transporte propio
1461,2022,5,Mayo,Cutimbo,Baja,Ninguna,0,Europeo,21,3.3,0,3.8,134.31,Transporte público
1462,2022,5,Mayo,Cutimbo,Baja,Ninguna,0,Asiático,8,3.3,0,4.0,87.77,Tour organizado
1463,2022,5,Mayo,Cutimbo,Baja,Ninguna,0,Latinoamericano,12,3.3,0,3.4,47.78,Transporte propio
1464,2022,5,Mayo,Cutimbo,Baja,Ninguna,0,Otro,6,3.3,0,3.9,73.15,Tour organizado
1465,2022,5,Mayo,Pukara,Baja,Ninguna,0,Peruano,101,3.3,0,4.1,41.11,Transporte propio
1466,2022,5,Mayo,Pukara,Baja,Ninguna,0,Estadounidense,20,3.3,0,3.8,89.53,Transporte propio
1467,2022,5,Mayo,Pukara,Baja,Ninguna,0,Europeo,31,3.3,0,3.4,83.24,Transporte propio
1468,2022,5,Mayo,Pukara,Baja,Ninguna,0,Asiático,9,3.3,0,4.1,113.63,Transporte propio
1469,2022,5,Mayo,Pukara,Baja,Ninguna,0,Latinoamericano,13,3.3,0,3.9,59.64,Transporte propio
1470,2022,5,Mayo,Pukara,Baja,Ninguna,0,Otro,10,3.3,0,3.2,80.87,Transporte propio
1471,2022,5,Mayo,Aramu Muru,Baja,Ninguna,0,Peruano,43,3.3,0,4.1,35.9,Transporte propio
1472,2022,5,Mayo,Aramu Muru,Baja,Ninguna,0,Estadounidense,8,3.3,0,3.4,97.57,Tour organizado
1473,2022,5,Mayo,Aramu Muru,Baja,Ninguna,0,Europeo,11,3.3,0,4.1,84.69,Transporte propio
1474,2022,5,Mayo,Aramu Muru,Baja,Ninguna,0,Asiático,4,3.3,0,3.7,84.26,Transporte propio
1475,2022,5,Mayo,Aramu Muru,Baja,Ninguna,0,Latinoamericano,5,3.3,0,3.6,84.02,Transporte propio
1476,2022,5,Mayo,Aramu Muru,Baja,Ninguna,0,Otro,3,3.3,0,3.5,91.73,Tour organizado
1477,2022,6,Junio,Sillustani,Baja,Inti Raymi,1,Peruano,147,0.7,19.3,3.6,35.02,Tour organizado
1478,2022,6,Junio,Sillustani,Baja,Inti Raymi,1,Estadounidense,82,0.7,19.3,4.3,92.04,Tour organizado
1479,2022,6,Junio,Sillustani,Baja,Inti Raymi,1,Europeo,115,0.7,19.3,4.3,79.81,Tour organizado
1480,2022,6,Junio,Sillustani,Baja,Inti Raymi,1,Asiático,30,0.7,19.3,4.2,100.31,Transporte propio
1481,2022,6,Junio,Sillustani,Baja,Inti Raymi,1,Latinoamericano,48,0.7,19.3,3.8,48.08,Tour organizado
1482,2022,6,Junio,Sillustani,Baja,Inti Raymi,1,Otro,26,0.7,19.3,4.3,100.16,Tour organizado
1483,2022,6,Junio,Islas Uros,Baja,Inti Raymi,1,Peruano,449,0.7,19.3,4.2,32.29,Lancha turística
1484,2022,6,Junio,Islas Uros,Baja,Inti Raymi,1,Estadounidense,387,0.7,19.3,4.4,152.31,Lancha turística
1485,2022,6,Junio,Islas Uros,Baja,Inti Raymi,1,Europeo,400,0.7,19.3,4.4,128.53,Tour organizado
1486,2022,6,Junio,Islas Uros,Baja,Inti Raymi,1,Asiático,152,0.7,19.3,4.1,72.15,Tour organizado
1487,2022,6,Junio,Islas Uros,Baja,Inti Raymi,1,Latinoamericano,188,0.7,19.3,4.0,73.42,Lancha turística
1488,2022,6,Junio,Islas Uros,Baja,Inti Raymi,1,Otro,73,0.7,19.3,4.3,56.21,Tour organizado
1489,2022,6,Junio,Isla Taquile,Baja,Inti Raymi,1,Peruano,185,0.7,19.3,4.0,50.61,Lancha turística
1490,2022,6,Junio,Isla Taquile,Baja,Inti Raymi,1,Estadounidense,150,0.7,19.3,3.7,132.49,Lancha turística
1491,2022,6,Junio,Isla Taquile,Baja,Inti Raymi,1,Europeo,152,0.7,19.3,3.9,102.05,Lancha turística
1492,2022,6,Junio,Isla Taquile,Baja,Inti Raymi,1,Asiático,70,0.7,19.3,3.9,109.9,Lancha turística
1493,2022,6,Junio,Isla Taquile,Baja,Inti Raymi,1,Latinoamericano,59,0.7,19.3,3.6,50.8,Lancha turística
1494,2022,6,Junio,Isla Taquile,Baja,Inti Raymi,1,Otro,37,0.7,19.3,4.1,57.95,Lancha turística
1495,2022,6,Junio,Cutimbo,Baja,Inti Raymi,1,Peruano,103,0.7,19.3,3.7,51.38,Transporte público
1496,2022,6,Junio,Cutimbo,Baja,Inti Raymi,1,Estadounidense,21,0.7,19.3,3.6,154.92,Transporte público
1497,2022,6,Junio,Cutimbo,Baja,Inti Raymi,1,Europeo,26,0.7,19.3,3.3,132.51,Transporte público
1498,2022,6,Junio,Cutimbo,Baja,Inti Raymi,1,Asiático,11,0.7,19.3,3.6,67.23,Transporte público
1499,2022,6,Junio,Cutimbo,Baja,Inti Raymi,1,Latinoamericano,16,0.7,19.3,3.6,65.88,Tour organizado
1500,2022,6,Junio,Cutimbo,Baja,Inti Raymi,1,Otro,8,0.7,19.3,3.6,89.36,Tour organizado
1501,2022,6,Junio,Pukara,Baja,Inti Raymi,1,Peruano,180,0.7,19.3,3.4,41.32,Transporte propio
1502,2022,6,Junio,Pukara,Baja,Inti Raymi,1,Estadounidense,31,0.7,19.3,3.8,155.33,Tour organizado
1503,2022,6,Junio,Pukara,Baja,Inti Raymi,1,Europeo,38,0.7,19.3,3.6,109.94,Transporte propio
1504,2022,6,Junio,Pukara,Baja,Inti Raymi,1,Asiático,15,0.7,19.3,4.0,120.26,Transporte propio
1505,2022,6,Junio,Pukara,Baja,Inti Raymi,1,Latinoamericano,22,0.7,19.3,3.8,61.27,Transporte público
1506,2022,6,Junio,Pukara,Baja,Inti Raymi,1,Otro,14,0.7,19.3,3.3,77.82,Tour organizado
1507,2022,6,Junio,Aramu Muru,Baja,Inti Raymi,1,Peruano,50,0.7,19.3,3.8,35.13,Tour organizado
1508,2022,6,Junio,Aramu Muru,Baja,Inti Raymi,1,Estadounidense,12,0.7,19.3,4.0,119.87,Tour organizado
1509,2022,6,Junio,Aramu Muru,Baja,Inti Raymi,1,Europeo,16,0.7,19.3,3.6,121.83,Transporte propio
1510,2022,6,Junio,Aramu Muru,Baja,Inti Raymi,1,Asiático,4,0.7,19.3,3.8,109.83,Transporte público
1511,2022,6,Junio,Aramu Muru,Baja,Inti Raymi,1,Latinoamericano,8,0.7,19.3,3.4,71.32,Transporte público
1512,2022,6,Junio,Aramu Muru,Baja,Inti Raymi,1,Otro,4,0.7,19.3,3.7,94.86,Tour organizado
1513,2022,7,Julio,Sillustani,Alta,Fiestas Patrias,1,Peruano,564,2.4,0,3.7,39.99,Transporte propio
1514,2022,7,Julio,Sillustani,Alta,Fiestas Patrias,1,Estadounidense,243,2.4,0,3.3,96.73,Tour organizado
1515,2022,7,Julio,Sillustani,Alta,Fiestas Patrias,1,Europeo,351,2.4,0,3.5,105.42,Tour organizado
1516,2022,7,Julio,Sillustani,Alta,Fiestas Patrias,1,Asiático,120,2.4,0,3.8,72.73,Transporte propio
1517,2022,7,Julio,Sillustani,Alta,Fiestas Patrias,1,Latinoamericano,176,2.4,0,4.0,67.82,Transporte propio
1518,2022,7,Julio,Sillustani,Alta,Fiestas Patrias,1,Otro,70,2.4,0,3.5,58.68,Tour organizado
1519,2022,7,Julio,Islas Uros,Alta,Fiestas Patrias,1,Peruano,1572,2.4,0,3.9,41.02,Lancha turística
1520,2022,7,Julio,Islas Uros,Alta,Fiestas Patrias,1,Estadounidense,819,2.4,0,3.3,87.25,Lancha turística
1521,2022,7,Julio,Islas Uros,Alta,Fiestas Patrias,1,Europeo,1036,2.4,0,4.0,78.78,Tour organizado
1522,2022,7,Julio,Islas Uros,Alta,Fiestas Patrias,1,Asiático,413,2.4,0,3.4,86.17,Lancha turística
1523,2022,7,Julio,Islas Uros,Alta,Fiestas Patrias,1,Latinoamericano,425,2.4,0,3.4,55.02,Lancha turística
1524,2022,7,Julio,Islas Uros,Alta,Fiestas Patrias,1,Otro,233,2.4,0,3.9,99.7,Lancha turística
1525,2022,7,Julio,Isla Taquile,Alta,Fiestas Patrias,1,Peruano,597,2.4,0,3.5,46.04,Lancha turística
1526,2022,7,Julio,Isla Taquile,Alta,Fiestas Patrias,1,Estadounidense,463,2.4,0,4.2,124.9,Lancha turística
1527,2022,7,Julio,Isla Taquile,Alta,Fiestas Patrias,1,Europeo,534,2.4,0,4.0,115.81,Lancha turística
1528,2022,7,Julio,Isla Taquile,Alta,Fiestas Patrias,1,Asiático,224,2.4,0,3.7,99.13,Lancha turística
1529,2022,7,Julio,Isla Taquile,Alta,Fiestas Patrias,1,Latinoamericano,197,2.4,0,4.0,58.6,Tour organizado
1530,2022,7,Julio,Isla Taquile,Alta,Fiestas Patrias,1,Otro,132,2.4,0,4.0,64.0,Lancha turística
1531,2022,7,Julio,Cutimbo,Alta,Fiestas Patrias,1,Peruano,272,2.4,0,3.5,54.38,Tour organizado
1532,2022,7,Julio,Cutimbo,Alta,Fiestas Patrias,1,Estadounidense,69,2.4,0,3.5,104.69,Tour organizado
1533,2022,7,Julio,Cutimbo,Alta,Fiestas Patrias,1,Europeo,70,2.4,0,3.6,130.1,Tour organizado
1534,2022,7,Julio,Cutimbo,Alta,Fiestas Patrias,1,Asiático,27,2.4,0,3.6,100.24,Transporte propio
1535,2022,7,Julio,Cutimbo,Alta,Fiestas Patrias,1,Latinoamericano,33,2.4,0,3.8,64.04,Transporte propio
1536,2022,7,Julio,Cutimbo,Alta,Fiestas Patrias,1,Otro,23,2.4,0,3.1,95.54,Transporte propio
1537,2022,7,Julio,Pukara,Alta,Fiestas Patrias,1,Peruano,386,2.4,0,3.2,42.36,Transporte público
1538,2022,7,Julio,Pukara,Alta,Fiestas Patrias,1,Estadounidense,88,2.4,0,3.5,147.42,Transporte propio
1539,2022,7,Julio,Pukara,Alta,Fiestas Patrias,1,Europeo,106,2.4,0,3.2,140.5,Transporte público
1540,2022,7,Julio,Pukara,Alta,Fiestas Patrias,1,Asiático,31,2.4,0,3.6,112.61,Transporte público
1541,2022,7,Julio,Pukara,Alta,Fiestas Patrias,1,Latinoamericano,64,2.4,0,3.7,47.84,Transporte propio
1542,2022,7,Julio,Pukara,Alta,Fiestas Patrias,1,Otro,32,2.4,0,3.1,63.22,Transporte propio
1543,2022,7,Julio,Aramu Muru,Alta,Fiestas Patrias,1,Peruano,154,2.4,0,3.9,56.1,Transporte propio
1544,2022,7,Julio,Aramu Muru,Alta,Fiestas Patrias,1,Estadounidense,39,2.4,0,3.3,104.67,Transporte propio
1545,2022,7,Julio,Aramu Muru,Alta,Fiestas Patrias,1,Europeo,39,2.4,0,3.6,103.79,Tour organizado
1546,2022,7,Julio,Aramu Muru,Alta,Fiestas Patrias,1,Asiático,12,2.4,0,3.0,111.93,Transporte propio
1547,2022,7,Julio,Aramu Muru,Alta,Fiestas Patrias,1,Latinoamericano,23,2.4,0,3.6,62.51,Tour organizado
1548,2022,7,Julio,Aramu Muru,Alta,Fiestas Patrias,1,Otro,12,2.4,0,3.3,57.4,Transporte propio
1549,2022,8,Agosto,Sillustani,Alta,Ninguna,0,Peruano,499,3.5,0,3.8,32.04,Tour organizado
1550,2022,8,Agosto,Sillustani,Alta,Ninguna,0,Estadounidense,200,3.5,0,3.6,88.58,Transporte propio
1551,2022,8,Agosto,Sillustani,Alta,Ninguna,0,Europeo,306,3.5,0,4.0,135.46,Transporte propio
1552,2022,8,Agosto,Sillustani,Alta,Ninguna,0,Asiático,113,3.5,0,4.0,74.51,Tour organizado
1553,2022,8,Agosto,Sillustani,Alta,Ninguna,0,Latinoamericano,148,3.5,0,3.8,50.21,Transporte público
1554,2022,8,Agosto,Sillustani,Alta,Ninguna,0,Otro,70,3.5,0,4.2,68.09,Tour organizado
1555,2022,8,Agosto,Islas Uros,Alta,Ninguna,0,Peruano,797,3.5,0,4.1,40.39,Tour organizado
1556,2022,8,Agosto,Islas Uros,Alta,Ninguna,0,Estadounidense,685,3.5,0,4.1,137.57,Lancha turística
1557,2022,8,Agosto,Islas Uros,Alta,Ninguna,0,Europeo,694,3.5,0,3.4,91.13,Lancha turística
1558,2022,8,Agosto,Islas Uros,Alta,Ninguna,0,Asiático,305,3.5,0,3.6,100.1,Lancha turística
1559,2022,8,Agosto,Islas Uros,Alta,Ninguna,0,Latinoamericano,317,3.5,0,4.0,49.91,Tour organizado
1560,2022,8,Agosto,Islas Uros,Alta,Ninguna,0,Otro,151,3.5,0,4.0,102.24,Lancha turística
1561,2022,8,Agosto,Isla Taquile,Alta,Ninguna,0,Peruano,509,3.5,0,4.1,32.07,Tour organizado
1562,2022,8,Agosto,Isla Taquile,Alta,Ninguna,0,Estadounidense,254,3.5,0,4.0,141.52,Lancha turística
1563,2022,8,Agosto,Isla Taquile,Alta,Ninguna,0,Europeo,420,3.5,0,4.1,92.82,Tour organizado
1564,2022,8,Agosto,Isla Taquile,Alta,Ninguna,0,Asiático,149,3.5,0,3.9,106.44,Tour organizado
1565,2022,8,Agosto,Isla Taquile,Alta,Ninguna,0,Latinoamericano,132,3.5,0,4.2,78.95,Lancha turística
1566,2022,8,Agosto,Isla Taquile,Alta,Ninguna,0,Otro,62,3.5,0,4.3,100.52,Lancha turística
1567,2022,8,Agosto,Cutimbo,Alta,Ninguna,0,Peruano,247,3.5,0,3.8,39.53,Transporte propio
1568,2022,8,Agosto,Cutimbo,Alta,Ninguna,0,Estadounidense,53,3.5,0,3.6,147.32,Transporte público
1569,2022,8,Agosto,Cutimbo,Alta,Ninguna,0,Europeo,64,3.5,0,3.3,82.29,Transporte público
1570,2022,8,Agosto,Cutimbo,Alta,Ninguna,0,Asiático,18,3.5,0,3.4,114.45,Transporte público
1571,2022,8,Agosto,Cutimbo,Alta,Ninguna,0,Latinoamericano,35,3.5,0,3.8,77.65,Transporte propio
1572,2022,8,Agosto,Cutimbo,Alta,Ninguna,0,Otro,19,3.5,0,3.4,84.9,Transporte propio
1573,2022,8,Agosto,Pukara,Alta,Ninguna,0,Peruano,239,3.5,0,3.1,48.82,Transporte público
1574,2022,8,Agosto,Pukara,Alta,Ninguna,0,Estadounidense,71,3.5,0,3.1,112.85,Transporte propio
1575,2022,8,Agosto,Pukara,Alta,Ninguna,0,Europeo,74,3.5,0,3.1,87.42,Transporte propio
1576,2022,8,Agosto,Pukara,Alta,Ninguna,0,Asiático,30,3.5,0,3.7,111.68,Transporte propio
1577,2022,8,Agosto,Pukara,Alta,Ninguna,0,Latinoamericano,42,3.5,0,3.9,50.71,Transporte propio
1578,2022,8,Agosto,Pukara,Alta,Ninguna,0,Otro,28,3.5,0,3.8,94.38,Transporte propio
1579,2022,8,Agosto,Aramu Muru,Alta,Ninguna,0,Peruano,92,3.5,0,3.4,41.69,Transporte propio
1580,2022,8,Agosto,Aramu Muru,Alta,Ninguna,0,Estadounidense,17,3.5,0,3.0,124.21,Transporte propio
1581,2022,8,Agosto,Aramu Muru,Alta,Ninguna,0,Europeo,31,3.5,0,4.0,90.09,Transporte propio
1582,2022,8,Agosto,Aramu Muru,Alta,Ninguna,0,Asiático,7,3.5,0,3.6,100.72,Transporte propio
1583,2022,8,Agosto,Aramu Muru,Alta,Ninguna,0,Latinoamericano,11,3.5,0,3.4,82.44,Tour organizado
1584,2022,8,Agosto,Aramu Muru,Alta,Ninguna,0,Otro,7,3.5,0,3.5,93.12,Transporte público
1585,2022,9,Septiembre,Sillustani,Media,Ninguna,0,Peruano,192,6.5,24.8,4.4,53.46,Tour organizado
1586,2022,9,Septiembre,Sillustani,Media,Ninguna,0,Estadounidense,102,6.5,24.8,4.0,93.37,Tour organizado
1587,2022,9,Septiembre,Sillustani,Media,Ninguna,0,Europeo,142,6.5,24.8,4.5,95.68,Tour organizado
1588,2022,9,Septiembre,Sillustani,Media,Ninguna,0,Asiático,48,6.5,24.8,3.9,74.82,Tour organizado
1589,2022,9,Septiembre,Sillustani,Media,Ninguna,0,Latinoamericano,88,6.5,24.8,3.7,63.09,Tour organizado
1590,2022,9,Septiembre,Sillustani,Media,Ninguna,0,Otro,29,6.5,24.8,4.2,77.99,Tour organizado
1591,2022,9,Septiembre,Islas Uros,Media,Ninguna,0,Peruano,725,6.5,24.8,4.5,42.23,Lancha turística
1592,2022,9,Septiembre,Islas Uros,Media,Ninguna,0,Estadounidense,456,6.5,24.8,4.2,137.0,Lancha turística
1593,2022,9,Septiembre,Islas Uros,Media,Ninguna,0,Europeo,436,6.5,24.8,4.1,80.44,Lancha turística
1594,2022,9,Septiembre,Islas Uros,Media,Ninguna,0,Asiático,208,6.5,24.8,3.9,101.06,Tour organizado
1595,2022,9,Septiembre,Islas Uros,Media,Ninguna,0,Latinoamericano,249,6.5,24.8,4.1,74.68,Lancha turística
1596,2022,9,Septiembre,Islas Uros,Media,Ninguna,0,Otro,84,6.5,24.8,4.0,74.29,Lancha turística
1597,2022,9,Septiembre,Isla Taquile,Media,Ninguna,0,Peruano,274,6.5,24.8,4.4,32.61,Lancha turística
1598,2022,9,Septiembre,Isla Taquile,Media,Ninguna,0,Estadounidense,193,6.5,24.8,4.0,150.98,Lancha turística
1599,2022,9,Septiembre,Isla Taquile,Media,Ninguna,0,Europeo,228,6.5,24.8,3.8,112.01,Lancha turística
1600,2022,9,Septiembre,Isla Taquile,Media,Ninguna,0,Asiático,96,6.5,24.8,3.8,122.28,Lancha turística
1601,2022,9,Septiembre,Isla Taquile,Media,Ninguna,0,Latinoamericano,123,6.5,24.8,4.3,74.67,Lancha turística
1602,2022,9,Septiembre,Isla Taquile,Media,Ninguna,0,Otro,48,6.5,24.8,4.4,85.42,Lancha turística
1603,2022,9,Septiembre,Cutimbo,Media,Ninguna,0,Peruano,137,6.5,24.8,3.4,51.4,Transporte público
1604,2022,9,Septiembre,Cutimbo,Media,Ninguna,0,Estadounidense,33,6.5,24.8,3.4,145.42,Transporte público
1605,2022,9,Septiembre,Cutimbo,Media,Ninguna,0,Europeo,31,6.5,24.8,3.3,92.17,Tour organizado
1606,2022,9,Septiembre,Cutimbo,Media,Ninguna,0,Asiático,12,6.5,24.8,3.4,93.13,Tour organizado
1607,2022,9,Septiembre,Cutimbo,Media,Ninguna,0,Latinoamericano,24,6.5,24.8,4.1,47.09,Transporte propio
1608,2022,9,Septiembre,Cutimbo,Media,Ninguna,0,Otro,15,6.5,24.8,3.8,77.97,Tour organizado
1609,2022,9,Septiembre,Pukara,Media,Ninguna,0,Peruano,236,6.5,24.8,3.3,34.03,Transporte propio
1610,2022,9,Septiembre,Pukara,Media,Ninguna,0,Estadounidense,39,6.5,24.8,3.4,120.63,Transporte propio
1611,2022,9,Septiembre,Pukara,Media,Ninguna,0,Europeo,57,6.5,24.8,3.9,91.02,Tour organizado
1612,2022,9,Septiembre,Pukara,Media,Ninguna,0,Asiático,18,6.5,24.8,3.8,90.24,Tour organizado
1613,2022,9,Septiembre,Pukara,Media,Ninguna,0,Latinoamericano,26,6.5,24.8,3.7,49.18,Transporte propio
1614,2022,9,Septiembre,Pukara,Media,Ninguna,0,Otro,15,6.5,24.8,3.9,88.67,Transporte público
1615,2022,9,Septiembre,Aramu Muru,Media,Ninguna,0,Peruano,78,6.5,24.8,3.3,40.24,Tour organizado
1616,2022,9,Septiembre,Aramu Muru,Media,Ninguna,0,Estadounidense,12,6.5,24.8,4.0,131.49,Transporte público
1617,2022,9,Septiembre,Aramu Muru,Media,Ninguna,0,Europeo,19,6.5,24.8,3.5,120.43,Transporte propio
1618,2022,9,Septiembre,Aramu Muru,Media,Ninguna,0,Asiático,7,6.5,24.8,3.9,120.7,Transporte propio
1619,2022,9,Septiembre,Aramu Muru,Media,Ninguna,0,Latinoamericano,11,6.5,24.8,4.2,80.87,Transporte propio
1620,2022,9,Septiembre,Aramu Muru,Media,Ninguna,0,Otro,5,6.5,24.8,3.2,86.89,Transporte propio
1621,2022,10,Octubre,Sillustani,Media,Ninguna,0,Peruano,251,8.4,59.8,3.6,38.39,Tour organizado
1622,2022,10,Octubre,Sillustani,Media,Ninguna,0,Estadounidense,147,8.4,59.8,4.4,90.42,Tour organizado
1623,2022,10,Octubre,Sillustani,Media,Ninguna,0,Europeo,131,8.4,59.8,4.3,95.81,Tour organizado
1624,2022,10,Octubre,Sillustani,Media,Ninguna,0,Asiático,46,8.4,59.8,4.0,91.14,Tour organizado
1625,2022,10,Octubre,Sillustani,Media,Ninguna,0,Latinoamericano,96,8.4,59.8,4.1,59.5,Tour organizado
1626,2022,10,Octubre,Sillustani,Media,Ninguna,0,Otro,39,8.4,59.8,4.0,79.5,Transporte propio
1627,2022,10,Octubre,Islas Uros,Media,Ninguna,0,Peruano,648,8.4,59.8,3.9,51.93,Lancha turística
1628,2022,10,Octubre,Islas Uros,Media,Ninguna,0,Estadounidense,441,8.4,59.8,3.9,114.67,Lancha turística
1629,2022,10,Octubre,Islas Uros,Media,Ninguna,0,Europeo,530,8.4,59.8,4.5,121.65,Tour organizado
1630,2022,10,Octubre,Islas Uros,Media,Ninguna,0,Asiático,226,8.4,59.8,3.7,94.73,Tour organizado
1631,2022,10,Octubre,Islas Uros,Media,Ninguna,0,Latinoamericano,223,8.4,59.8,3.6,63.76,Lancha turística
1632,2022,10,Octubre,Islas Uros,Media,Ninguna,0,Otro,122,8.4,59.8,4.0,63.13,Lancha turística
1633,2022,10,Octubre,Isla Taquile,Media,Ninguna,0,Peruano,297,8.4,59.8,3.7,43.05,Tour organizado
1634,2022,10,Octubre,Isla Taquile,Media,Ninguna,0,Estadounidense,176,8.4,59.8,3.6,87.25,Lancha turística
1635,2022,10,Octubre,Isla Taquile,Media,Ninguna,0,Europeo,270,8.4,59.8,3.9,107.67,Tour organizado
1636,2022,10,Octubre,Isla Taquile,Media,Ninguna,0,Asiático,110,8.4,59.8,3.8,81.03,Lancha turística
1637,2022,10,Octubre,Isla Taquile,Media,Ninguna,0,Latinoamericano,119,8.4,59.8,3.5,74.38,Lancha turística
1638,2022,10,Octubre,Isla Taquile,Media,Ninguna,0,Otro,46,8.4,59.8,3.7,74.86,Lancha turística
1639,2022,10,Octubre,Cutimbo,Media,Ninguna,0,Peruano,147,8.4,59.8,3.5,51.05,Transporte público
1640,2022,10,Octubre,Cutimbo,Media,Ninguna,0,Estadounidense,31,8.4,59.8,3.5,153.6,Transporte propio
1641,2022,10,Octubre,Cutimbo,Media,Ninguna,0,Europeo,32,8.4,59.8,3.3,141.82,Transporte propio
1642,2022,10,Octubre,Cutimbo,Media,Ninguna,0,Asiático,14,8.4,59.8,3.3,96.96,Tour organizado
1643,2022,10,Octubre,Cutimbo,Media,Ninguna,0,Latinoamericano,19,8.4,59.8,3.2,71.08,Transporte público
1644,2022,10,Octubre,Cutimbo,Media,Ninguna,0,Otro,13,8.4,59.8,4.1,102.36,Transporte público
1645,2022,10,Octubre,Pukara,Media,Ninguna,0,Peruano,197,8.4,59.8,3.8,50.15,Transporte público
1646,2022,10,Octubre,Pukara,Media,Ninguna,0,Estadounidense,42,8.4,59.8,3.3,93.73,Transporte propio
1647,2022,10,Octubre,Pukara,Media,Ninguna,0,Europeo,40,8.4,59.8,3.2,141.05,Tour organizado
1648,2022,10,Octubre,Pukara,Media,Ninguna,0,Asiático,14,8.4,59.8,3.8,103.54,Transporte público
1649,2022,10,Octubre,Pukara,Media,Ninguna,0,Latinoamericano,29,8.4,59.8,4.1,66.5,Tour organizado
1650,2022,10,Octubre,Pukara,Media,Ninguna,0,Otro,14,8.4,59.8,3.7,78.75,Tour organizado
1651,2022,10,Octubre,Aramu Muru,Media,Ninguna,0,Peruano,71,8.4,59.8,3.9,43.52,Transporte público
1652,2022,10,Octubre,Aramu Muru,Media,Ninguna,0,Estadounidense,13,8.4,59.8,4.1,126.14,Transporte propio
1653,2022,10,Octubre,Aramu Muru,Media,Ninguna,0,Europeo,15,8.4,59.8,4.0,102.85,Transporte propio
1654,2022,10,Octubre,Aramu Muru,Media,Ninguna,0,Asiático,4,8.4,59.8,3.8,107.15,Transporte público
1655,2022,10,Octubre,Aramu Muru,Media,Ninguna,0,Latinoamericano,10,8.4,59.8,3.9,68.74,Transporte propio
1656,2022,10,Octubre,Aramu Muru,Media,Ninguna,0,Otro,4,8.4,59.8,3.6,80.64,Transporte público
1657,2022,11,Noviembre,Sillustani,Baja,Todos los Santos,1,Peruano,163,7.2,52.4,4.1,38.73,Transporte propio
1658,2022,11,Noviembre,Sillustani,Baja,Todos los Santos,1,Estadounidense,94,7.2,52.4,3.6,128.83,Tour organizado
1659,2022,11,Noviembre,Sillustani,Baja,Todos los Santos,1,Europeo,97,7.2,52.4,3.9,87.65,Tour organizado
1660,2022,11,Noviembre,Sillustani,Baja,Todos los Santos,1,Asiático,35,7.2,52.4,3.9,95.44,Transporte público
1661,2022,11,Noviembre,Sillustani,Baja,Todos los Santos,1,Latinoamericano,63,7.2,52.4,3.8,68.98,Transporte propio
1662,2022,11,Noviembre,Sillustani,Baja,Todos los Santos,1,Otro,19,7.2,52.4,3.8,90.15,Transporte propio
1663,2022,11,Noviembre,Islas Uros,Baja,Todos los Santos,1,Peruano,584,7.2,52.4,4.2,52.99,Lancha turística
1664,2022,11,Noviembre,Islas Uros,Baja,Todos los Santos,1,Estadounidense,382,7.2,52.4,3.8,137.95,Tour organizado
1665,2022,11,Noviembre,Islas Uros,Baja,Todos los Santos,1,Europeo,452,7.2,52.4,3.7,87.32,Lancha turística
1666,2022,11,Noviembre,Islas Uros,Baja,Todos los Santos,1,Asiático,153,7.2,52.4,3.9,123.14,Lancha turística
1667,2022,11,Noviembre,Islas Uros,Baja,Todos los Santos,1,Latinoamericano,162,7.2,52.4,4.1,84.47,Lancha turística
1668,2022,11,Noviembre,Islas Uros,Baja,Todos los Santos,1,Otro,105,7.2,52.4,3.9,63.61,Tour organizado
1669,2022,11,Noviembre,Isla Taquile,Baja,Todos los Santos,1,Peruano,169,7.2,52.4,3.9,48.17,Lancha turística
1670,2022,11,Noviembre,Isla Taquile,Baja,Todos los Santos,1,Estadounidense,139,7.2,52.4,4.0,155.54,Lancha turística
1671,2022,11,Noviembre,Isla Taquile,Baja,Todos los Santos,1,Europeo,189,7.2,52.4,4.3,113.76,Lancha turística
1672,2022,11,Noviembre,Isla Taquile,Baja,Todos los Santos,1,Asiático,77,7.2,52.4,4.4,100.94,Lancha turística
1673,2022,11,Noviembre,Isla Taquile,Baja,Todos los Santos,1,Latinoamericano,73,7.2,52.4,4.4,62.58,Lancha turística
1674,2022,11,Noviembre,Isla Taquile,Baja,Todos los Santos,1,Otro,40,7.2,52.4,4.3,102.78,Tour organizado
1675,2022,11,Noviembre,Cutimbo,Baja,Todos los Santos,1,Peruano,128,7.2,52.4,3.3,46.69,Tour organizado
1676,2022,11,Noviembre,Cutimbo,Baja,Todos los Santos,1,Estadounidense,21,7.2,52.4,3.3,98.79,Transporte propio
1677,2022,11,Noviembre,Cutimbo,Baja,Todos los Santos,1,Europeo,26,7.2,52.4,3.5,106.14,Transporte público
1678,2022,11,Noviembre,Cutimbo,Baja,Todos los Santos,1,Asiático,11,7.2,52.4,3.3,103.38,Transporte propio
1679,2022,11,Noviembre,Cutimbo,Baja,Todos los Santos,1,Latinoamericano,18,7.2,52.4,3.3,53.37,Transporte público
1680,2022,11,Noviembre,Cutimbo,Baja,Todos los Santos,1,Otro,11,7.2,52.4,3.2,96.07,Transporte público
1681,2022,11,Noviembre,Pukara,Baja,Todos los Santos,1,Peruano,138,7.2,52.4,3.3,41.56,Transporte público
1682,2022,11,Noviembre,Pukara,Baja,Todos los Santos,1,Estadounidense,28,7.2,52.4,3.9,94.92,Transporte público
1683,2022,11,Noviembre,Pukara,Baja,Todos los Santos,1,Europeo,42,7.2,52.4,3.3,105.3,Transporte público
1684,2022,11,Noviembre,Pukara,Baja,Todos los Santos,1,Asiático,14,7.2,52.4,4.2,95.92,Transporte propio
1685,2022,11,Noviembre,Pukara,Baja,Todos los Santos,1,Latinoamericano,23,7.2,52.4,3.6,75.54,Tour organizado
1686,2022,11,Noviembre,Pukara,Baja,Todos los Santos,1,Otro,10,7.2,52.4,3.5,103.13,Transporte propio
1687,2022,11,Noviembre,Aramu Muru,Baja,Todos los Santos,1,Peruano,51,7.2,52.4,3.2,56.41,Transporte propio
1688,2022,11,Noviembre,Aramu Muru,Baja,Todos los Santos,1,Estadounidense,13,7.2,52.4,3.3,129.48,Transporte propio
1689,2022,11,Noviembre,Aramu Muru,Baja,Todos los Santos,1,Europeo,14,7.2,52.4,4.1,123.25,Transporte propio
1690,2022,11,Noviembre,Aramu Muru,Baja,Todos los Santos,1,Asiático,5,7.2,52.4,3.5,86.12,Transporte propio
1691,2022,11,Noviembre,Aramu Muru,Baja,Todos los Santos,1,Latinoamericano,9,7.2,52.4,3.8,51.23,Transporte público
1692,2022,11,Noviembre,Aramu Muru,Baja,Todos los Santos,1,Otro,4,7.2,52.4,3.4,82.13,Transporte público
1693,2022,12,Diciembre,Sillustani,Alta,Navidad,1,Peruano,516,9.1,125.5,3.2,39.64,Tour organizado
1694,2022,12,Diciembre,Sillustani,Alta,Navidad,1,Estadounidense,280,9.1,125.5,3.4,135.76,Tour organizado
1695,2022,12,Diciembre,Sillustani,Alta,Navidad,1,Europeo,340,9.1,125.5,3.5,91.11,Transporte público
1696,2022,12,Diciembre,Sillustani,Alta,Navidad,1,Asiático,125,9.1,125.5,3.5,109.65,Tour organizado
1697,2022,12,Diciembre,Sillustani,Alta,Navidad,1,Latinoamericano,148,9.1,125.5,3.9,66.56,Tour organizado
1698,2022,12,Diciembre,Sillustani,Alta,Navidad,1,Otro,68,9.1,125.5,3.8,90.87,Transporte público
1699,2022,12,Diciembre,Islas Uros,Alta,Navidad,1,Peruano,964,9.1,125.5,3.4,48.43,Lancha turística
1700,2022,12,Diciembre,Islas Uros,Alta,Navidad,1,Estadounidense,663,9.1,125.5,3.8,151.78,Lancha turística
1701,2022,12,Diciembre,Islas Uros,Alta,Navidad,1,Europeo,896,9.1,125.5,3.7,106.91,Lancha turística
1702,2022,12,Diciembre,Islas Uros,Alta,Navidad,1,Asiático,437,9.1,125.5,4.0,98.74,Tour organizado
1703,2022,12,Diciembre,Islas Uros,Alta,Navidad,1,Latinoamericano,416,9.1,125.5,3.8,54.62,Lancha turística
1704,2022,12,Diciembre,Islas Uros,Alta,Navidad,1,Otro,178,9.1,125.5,3.8,90.31,Tour organizado
1705,2022,12,Diciembre,Isla Taquile,Alta,Navidad,1,Peruano,539,9.1,125.5,3.7,34.34,Tour organizado
1706,2022,12,Diciembre,Isla Taquile,Alta,Navidad,1,Estadounidense,390,9.1,125.5,3.8,110.01,Lancha turística
1707,2022,12,Diciembre,Isla Taquile,Alta,Navidad,1,Europeo,406,9.1,125.5,3.4,104.2,Lancha turística
1708,2022,12,Diciembre,Isla Taquile,Alta,Navidad,1,Asiático,156,9.1,125.5,3.9,93.65,Lancha turística
1709,2022,12,Diciembre,Isla Taquile,Alta,Navidad,1,Latinoamericano,157,9.1,125.5,3.7,61.21,Tour organizado
1710,2022,12,Diciembre,Isla Taquile,Alta,Navidad,1,Otro,95,9.1,125.5,3.4,68.66,Lancha turística
1711,2022,12,Diciembre,Cutimbo,Alta,Navidad,1,Peruano,363,9.1,125.5,3.4,57.09,Transporte público
1712,2022,12,Diciembre,Cutimbo,Alta,Navidad,1,Estadounidense,74,9.1,125.5,2.8,93.15,Transporte público
1713,2022,12,Diciembre,Cutimbo,Alta,Navidad,1,Europeo,70,9.1,125.5,3.4,133.98,Tour organizado
1714,2022,12,Diciembre,Cutimbo,Alta,Navidad,1,Asiático,29,9.1,125.5,3.2,68.36,Transporte propio
1715,2022,12,Diciembre,Cutimbo,Alta,Navidad,1,Latinoamericano,52,9.1,125.5,3.1,82.62,Transporte público
1716,2022,12,Diciembre,Cutimbo,Alta,Navidad,1,Otro,23,9.1,125.5,3.1,69.9,Transporte propio
1717,2022,12,Diciembre,Pukara,Alta,Navidad,1,Peruano,317,9.1,125.5,3.1,39.44,Tour organizado
1718,2022,12,Diciembre,Pukara,Alta,Navidad,1,Estadounidense,83,9.1,125.5,2.8,126.45,Tour organizado
1719,2022,12,Diciembre,Pukara,Alta,Navidad,1,Europeo,110,9.1,125.5,3.0,95.71,Transporte propio
1720,2022,12,Diciembre,Pukara,Alta,Navidad,1,Asiático,35,9.1,125.5,3.2,73.47,Transporte propio
1721,2022,12,Diciembre,Pukara,Alta,Navidad,1,Latinoamericano,41,9.1,125.5,2.7,64.27,Transporte propio
1722,2022,12,Diciembre,Pukara,Alta,Navidad,1,Otro,32,9.1,125.5,3.6,93.5,Transporte público
1723,2022,12,Diciembre,Aramu Muru,Alta,Navidad,1,Peruano,181,9.1,125.5,2.8,35.24,Transporte público
1724,2022,12,Diciembre,Aramu Muru,Alta,Navidad,1,Estadounidense,38,9.1,125.5,3.4,94.73,Transporte propio
1725,2022,12,Diciembre,Aramu Muru,Alta,Navidad,1,Europeo,36,9.1,125.5,3.3,118.16,Transporte público
1726,2022,12,Diciembre,Aramu Muru,Alta,Navidad,1,Asiático,12,9.1,125.5,3.1,97.34,Transporte público
1727,2022,12,Diciembre,Aramu Muru,Alta,Navidad,1,Latinoamericano,25,9.1,125.5,3.3,79.27,Tour organizado
1728,2022,12,Diciembre,Aramu Muru,Alta,Navidad,1,Otro,14,9.1,125.5,3.5,89.96,Tour organizado
1729,2023,1,Enero,Sillustani,Alta,Ninguna,0,Peruano,543,8.9,123.4,3.8,57.35,Transporte público
1730,2023,1,Enero,Sillustani,Alta,Ninguna,0,Estadounidense,240,8.9,123.4,3.5,148.57,Tour organizado
1731,2023,1,Enero,Sillustani,Alta,Ninguna,0,Europeo,357,8.9,123.4,3.5,140.52,Tour organizado
1732,2023,1,Enero,Sillustani,Alta,Ninguna,0,Asiático,136,8.9,123.4,3.2,106.72,Transporte público
1733,2023,1,Enero,Sillustani,Alta,Ninguna,0,Latinoamericano,179,8.9,123.4,3.8,69.17,Transporte propio
1734,2023,1,Enero,Sillustani,Alta,Ninguna,0,Otro,79,8.9,123.4,3.5,100.82,Tour organizado
1735,2023,1,Enero,Islas Uros,Alta,Ninguna,0,Peruano,1193,8.9,123.4,3.9,40.07,Lancha turística
1736,2023,1,Enero,Islas Uros,Alta,Ninguna,0,Estadounidense,689,8.9,123.4,4.0,123.01,Lancha turística
1737,2023,1,Enero,Islas Uros,Alta,Ninguna,0,Europeo,883,8.9,123.4,3.3,82.92,Lancha turística
1738,2023,1,Enero,Islas Uros,Alta,Ninguna,0,Asiático,486,8.9,123.4,3.7,69.86,Lancha turística
1739,2023,1,Enero,Islas Uros,Alta,Ninguna,0,Latinoamericano,359,8.9,123.4,3.7,57.12,Lancha turística
1740,2023,1,Enero,Islas Uros,Alta,Ninguna,0,Otro,191,8.9,123.4,3.4,71.56,Lancha turística
1741,2023,1,Enero,Isla Taquile,Alta,Ninguna,0,Peruano,794,8.9,123.4,3.1,37.97,Tour organizado
1742,2023,1,Enero,Isla Taquile,Alta,Ninguna,0,Estadounidense,472,8.9,123.4,3.5,138.17,Lancha turística
1743,2023,1,Enero,Isla Taquile,Alta,Ninguna,0,Europeo,673,8.9,123.4,3.3,98.01,Tour organizado
1744,2023,1,Enero,Isla Taquile,Alta,Ninguna,0,Asiático,219,8.9,123.4,3.5,89.73,Lancha turística
1745,2023,1,Enero,Isla Taquile,Alta,Ninguna,0,Latinoamericano,266,8.9,123.4,3.0,67.11,Tour organizado
1746,2023,1,Enero,Isla Taquile,Alta,Ninguna,0,Otro,122,8.9,123.4,3.2,82.63,Lancha turística
1747,2023,1,Enero,Cutimbo,Alta,Ninguna,0,Peruano,250,8.9,123.4,2.8,48.67,Transporte propio
1748,2023,1,Enero,Cutimbo,Alta,Ninguna,0,Estadounidense,63,8.9,123.4,2.8,122.91,Transporte propio
1749,2023,1,Enero,Cutimbo,Alta,Ninguna,0,Europeo,79,8.9,123.4,3.2,104.97,Transporte público
1750,2023,1,Enero,Cutimbo,Alta,Ninguna,0,Asiático,19,8.9,123.4,3.5,121.28,Transporte propio
1751,2023,1,Enero,Cutimbo,Alta,Ninguna,0,Latinoamericano,40,8.9,123.4,2.9,47.85,Transporte público
1752,2023,1,Enero,Cutimbo,Alta,Ninguna,0,Otro,21,8.9,123.4,3.0,88.64,Transporte propio
1753,2023,1,Enero,Pukara,Alta,Ninguna,0,Peruano,360,8.9,123.4,3.5,39.1,Transporte propio
1754,2023,1,Enero,Pukara,Alta,Ninguna,0,Estadounidense,97,8.9,123.4,3.3,105.65,Transporte público
1755,2023,1,Enero,Pukara,Alta,Ninguna,0,Europeo,119,8.9,123.4,3.5,124.85,Transporte propio
1756,2023,1,Enero,Pukara,Alta,Ninguna,0,Asiático,42,8.9,123.4,2.9,95.27,Transporte propio
1757,2023,1,Enero,Pukara,Alta,Ninguna,0,Latinoamericano,68,8.9,123.4,3.6,70.27,Transporte público
1758,2023,1,Enero,Pukara,Alta,Ninguna,0,Otro,33,8.9,123.4,3.4,71.44,Transporte propio
1759,2023,1,Enero,Aramu Muru,Alta,Ninguna,0,Peruano,141,8.9,123.4,2.7,50.18,Tour organizado
1760,2023,1,Enero,Aramu Muru,Alta,Ninguna,0,Estadounidense,31,8.9,123.4,2.7,84.69,Transporte propio
1761,2023,1,Enero,Aramu Muru,Alta,Ninguna,0,Europeo,35,8.9,123.4,3.6,123.42,Transporte público
1762,2023,1,Enero,Aramu Muru,Alta,Ninguna,0,Asiático,12,8.9,123.4,3.5,103.5,Tour organizado
1763,2023,1,Enero,Aramu Muru,Alta,Ninguna,0,Latinoamericano,20,8.9,123.4,3.6,77.33,Transporte público
1764,2023,1,Enero,Aramu Muru,Alta,Ninguna,0,Otro,13,8.9,123.4,3.1,95.01,Transporte propio
1765,2023,2,Febrero,Sillustani,Alta,Fiesta de la Candelaria,1,Peruano,797,8.0,133.6,3.1,41.5,Tour organizado
1766,2023,2,Febrero,Sillustani,Alta,Fiesta de la Candelaria,1,Estadounidense,336,8.0,133.6,3.2,85.42,Tour organizado
1767,2023,2,Febrero,Sillustani,Alta,Fiesta de la Candelaria,1,Europeo,450,8.0,133.6,3.7,89.64,Transporte público
1768,2023,2,Febrero,Sillustani,Alta,Fiesta de la Candelaria,1,Asiático,160,8.0,133.6,3.8,79.11,Transporte propio
1769,2023,2,Febrero,Sillustani,Alta,Fiesta de la Candelaria,1,Latinoamericano,272,8.0,133.6,3.0,64.72,Transporte público
1770,2023,2,Febrero,Sillustani,Alta,Fiesta de la Candelaria,1,Otro,84,8.0,133.6,3.2,95.41,Transporte propio
1771,2023,2,Febrero,Islas Uros,Alta,Fiesta de la Candelaria,1,Peruano,1317,8.0,133.6,3.5,36.1,Lancha turística
1772,2023,2,Febrero,Islas Uros,Alta,Fiesta de la Candelaria,1,Estadounidense,1026,8.0,133.6,3.6,133.13,Tour organizado
1773,2023,2,Febrero,Islas Uros,Alta,Fiesta de la Candelaria,1,Europeo,1049,8.0,133.6,3.6,126.23,Lancha turística
1774,2023,2,Febrero,Islas Uros,Alta,Fiesta de la Candelaria,1,Asiático,435,8.0,133.6,3.6,79.49,Tour organizado
1775,2023,2,Febrero,Islas Uros,Alta,Fiesta de la Candelaria,1,Latinoamericano,526,8.0,133.6,3.3,78.56,Lancha turística
1776,2023,2,Febrero,Islas Uros,Alta,Fiesta de la Candelaria,1,Otro,288,8.0,133.6,3.7,81.58,Lancha turística
1777,2023,2,Febrero,Isla Taquile,Alta,Fiesta de la Candelaria,1,Peruano,955,8.0,133.6,3.0,43.03,Tour organizado
1778,2023,2,Febrero,Isla Taquile,Alta,Fiesta de la Candelaria,1,Estadounidense,650,8.0,133.6,3.1,151.59,Lancha turística
1779,2023,2,Febrero,Isla Taquile,Alta,Fiesta de la Candelaria,1,Europeo,785,8.0,133.6,3.4,85.03,Tour organizado
1780,2023,2,Febrero,Isla Taquile,Alta,Fiesta de la Candelaria,1,Asiático,272,8.0,133.6,3.4,109.76,Tour organizado
1781,2023,2,Febrero,Isla Taquile,Alta,Fiesta de la Candelaria,1,Latinoamericano,245,8.0,133.6,3.3,61.88,Lancha turística
1782,2023,2,Febrero,Isla Taquile,Alta,Fiesta de la Candelaria,1,Otro,127,8.0,133.6,3.4,72.07,Tour organizado
1783,2023,2,Febrero,Cutimbo,Alta,Fiesta de la Candelaria,1,Peruano,470,8.0,133.6,2.9,50.12,Tour organizado
1784,2023,2,Febrero,Cutimbo,Alta,Fiesta de la Candelaria,1,Estadounidense,100,8.0,133.6,2.9,107.7,Tour organizado
1785,2023,2,Febrero,Cutimbo,Alta,Fiesta de la Candelaria,1,Europeo,112,8.0,133.6,2.8,108.68,Tour organizado
1786,2023,2,Febrero,Cutimbo,Alta,Fiesta de la Candelaria,1,Asiático,37,8.0,133.6,3.3,85.56,Transporte propio
1787,2023,2,Febrero,Cutimbo,Alta,Fiesta de la Candelaria,1,Latinoamericano,51,8.0,133.6,3.2,82.89,Tour organizado
1788,2023,2,Febrero,Cutimbo,Alta,Fiesta de la Candelaria,1,Otro,40,8.0,133.6,3.2,67.36,Tour organizado
1789,2023,2,Febrero,Pukara,Alta,Fiesta de la Candelaria,1,Peruano,544,8.0,133.6,3.5,48.38,Tour organizado
1790,2023,2,Febrero,Pukara,Alta,Fiesta de la Candelaria,1,Estadounidense,94,8.0,133.6,2.8,86.4,Transporte propio
1791,2023,2,Febrero,Pukara,Alta,Fiesta de la Candelaria,1,Europeo,163,8.0,133.6,3.4,128.65,Tour organizado
1792,2023,2,Febrero,Pukara,Alta,Fiesta de la Candelaria,1,Asiático,55,8.0,133.6,3.1,83.68,Transporte público
1793,2023,2,Febrero,Pukara,Alta,Fiesta de la Candelaria,1,Latinoamericano,62,8.0,133.6,3.4,67.31,Transporte propio
1794,2023,2,Febrero,Pukara,Alta,Fiesta de la Candelaria,1,Otro,53,8.0,133.6,3.1,85.63,Transporte público
1795,2023,2,Febrero,Aramu Muru,Alta,Fiesta de la Candelaria,1,Peruano,172,8.0,133.6,3.4,31.79,Transporte público
1796,2023,2,Febrero,Aramu Muru,Alta,Fiesta de la Candelaria,1,Estadounidense,35,8.0,133.6,3.1,128.66,Tour organizado
1797,2023,2,Febrero,Aramu Muru,Alta,Fiesta de la Candelaria,1,Europeo,42,8.0,133.6,3.6,128.67,Transporte público
1798,2023,2,Febrero,Aramu Muru,Alta,Fiesta de la Candelaria,1,Asiático,15,8.0,133.6,3.3,72.66,Tour organizado
1799,2023,2,Febrero,Aramu Muru,Alta,Fiesta de la Candelaria,1,Latinoamericano,24,8.0,133.6,2.8,76.29,Transporte propio
1800,2023,2,Febrero,Aramu Muru,Alta,Fiesta de la Candelaria,1,Otro,17,8.0,133.6,2.8,80.43,Transporte propio
1801,2023,3,Marzo,Sillustani,Media,Ninguna,0,Peruano,259,7.8,119.0,4.0,33.13,Tour organizado
1802,2023,3,Marzo,Sillustani,Media,Ninguna,0,Estadounidense,153,7.8,119.0,3.7,130.92,Tour organizado
1803,2023,3,Marzo,Sillustani,Media,Ninguna,0,Europeo,167,7.8,119.0,4.1,128.18,Tour organizado
1804,2023,3,Marzo,Sillustani,Media,Ninguna,0,Asiático,65,7.8,119.0,3.8,83.09,Tour organizado
1805,2023,3,Marzo,Sillustani,Media,Ninguna,0,Latinoamericano,99,7.8,119.0,3.9,51.14,Tour organizado
1806,2023,3,Marzo,Sillustani,Media,Ninguna,0,Otro,41,7.8,119.0,4.0,97.22,Transporte propio
1807,2023,3,Marzo,Islas Uros,Media,Ninguna,0,Peruano,893,7.8,119.0,3.8,36.93,Lancha turística
1808,2023,3,Marzo,Islas Uros,Media,Ninguna,0,Estadounidense,468,7.8,119.0,3.9,134.02,Lancha turística
1809,2023,3,Marzo,Islas Uros,Media,Ninguna,0,Europeo,650,7.8,119.0,3.5,115.18,Lancha turística
1810,2023,3,Marzo,Islas Uros,Media,Ninguna,0,Asiático,261,7.8,119.0,3.6,75.75,Lancha turística
1811,2023,3,Marzo,Islas Uros,Media,Ninguna,0,Latinoamericano,287,7.8,119.0,4.1,64.84,Lancha turística
1812,2023,3,Marzo,Islas Uros,Media,Ninguna,0,Otro,132,7.8,119.0,3.9,78.39,Lancha turística
1813,2023,3,Marzo,Isla Taquile,Media,Ninguna,0,Peruano,380,7.8,119.0,4.2,40.45,Tour organizado
1814,2023,3,Marzo,Isla Taquile,Media,Ninguna,0,Estadounidense,220,7.8,119.0,3.6,143.48,Lancha turística
1815,2023,3,Marzo,Isla Taquile,Media,Ninguna,0,Europeo,274,7.8,119.0,3.3,78.98,Lancha turística
1816,2023,3,Marzo,Isla Taquile,Media,Ninguna,0,Asiático,99,7.8,119.0,3.6,102.49,Lancha turística
1817,2023,3,Marzo,Isla Taquile,Media,Ninguna,0,Latinoamericano,94,7.8,119.0,3.2,53.22,Lancha turística
1818,2023,3,Marzo,Isla Taquile,Media,Ninguna,0,Otro,51,7.8,119.0,3.5,64.37,Tour organizado
1819,2023,3,Marzo,Cutimbo,Media,Ninguna,0,Peruano,140,7.8,119.0,3.1,38.57,Tour organizado
1820,2023,3,Marzo,Cutimbo,Media,Ninguna,0,Estadounidense,28,7.8,119.0,3.6,111.28,Tour organizado
1821,2023,3,Marzo,Cutimbo,Media,Ninguna,0,Europeo,40,7.8,119.0,3.1,107.11,Transporte propio
1822,2023,3,Marzo,Cutimbo,Media,Ninguna,0,Asiático,16,7.8,119.0,3.6,120.15,Transporte público
1823,2023,3,Marzo,Cutimbo,Media,Ninguna,0,Latinoamericano,26,7.8,119.0,3.0,51.13,Transporte propio
1824,2023,3,Marzo,Cutimbo,Media,Ninguna,0,Otro,16,7.8,119.0,3.1,74.15,Transporte propio
1825,2023,3,Marzo,Pukara,Media,Ninguna,0,Peruano,212,7.8,119.0,3.5,56.37,Transporte propio
1826,2023,3,Marzo,Pukara,Media,Ninguna,0,Estadounidense,54,7.8,119.0,3.2,94.7,Transporte propio
1827,2023,3,Marzo,Pukara,Media,Ninguna,0,Europeo,48,7.8,119.0,3.7,134.61,Transporte público
1828,2023,3,Marzo,Pukara,Media,Ninguna,0,Asiático,17,7.8,119.0,3.0,93.33,Tour organizado
1829,2023,3,Marzo,Pukara,Media,Ninguna,0,Latinoamericano,27,7.8,119.0,3.3,79.91,Transporte propio
1830,2023,3,Marzo,Pukara,Media,Ninguna,0,Otro,19,7.8,119.0,3.4,71.45,Transporte propio
1831,2023,3,Marzo,Aramu Muru,Media,Ninguna,0,Peruano,86,7.8,119.0,3.9,44.29,Transporte público
1832,2023,3,Marzo,Aramu Muru,Media,Ninguna,0,Estadounidense,20,7.8,119.0,3.7,130.78,Transporte propio
1833,2023,3,Marzo,Aramu Muru,Media,Ninguna,0,Europeo,21,7.8,119.0,3.1,133.97,Transporte público
1834,2023,3,Marzo,Aramu Muru,Media,Ninguna,0,Asiático,7,7.8,119.0,3.3,87.99,Transporte propio
1835,2023,3,Marzo,Aramu Muru,Media,Ninguna,0,Latinoamericano,14,7.8,119.0,3.3,66.97,Transporte propio
1836,2023,3,Marzo,Aramu Muru,Media,Ninguna,0,Otro,8,7.8,119.0,3.2,80.9,Transporte propio
1837,2023,4,Abril,Sillustani,Media,Semana Santa,1,Peruano,384,6.8,43.6,4.0,42.54,Transporte propio
1838,2023,4,Abril,Sillustani,Media,Semana Santa,1,Estadounidense,188,6.8,43.6,3.9,96.93,Tour organizado
1839,2023,4,Abril,Sillustani,Media,Semana Santa,1,Europeo,225,6.8,43.6,3.6,136.5,Tour organizado
1840,2023,4,Abril,Sillustani,Media,Semana Santa,1,Asiático,102,6.8,43.6,4.0,103.19,Tour organizado
1841,2023,4,Abril,Sillustani,Media,Semana Santa,1,Latinoamericano,158,6.8,43.6,3.6,48.28,Tour organizado
1842,2023,4,Abril,Sillustani,Media,Semana Santa,1,Otro,57,6.8,43.6,3.8,88.41,Tour organizado
1843,2023,4,Abril,Islas Uros,Media,Semana Santa,1,Peruano,1084,6.8,43.6,4.2,38.91,Tour organizado
1844,2023,4,Abril,Islas Uros,Media,Semana Santa,1,Estadounidense,668,6.8,43.6,3.6,145.56,Tour organizado
1845,2023,4,Abril,Islas Uros,Media,Semana Santa,1,Europeo,879,6.8,43.6,4.4,77.56,Lancha turística
1846,2023,4,Abril,Islas Uros,Media,Semana Santa,1,Asiático,292,6.8,43.6,3.8,123.32,Lancha turística
1847,2023,4,Abril,Islas Uros,Media,Semana Santa,1,Latinoamericano,362,6.8,43.6,4.3,45.96,Tour organizado
1848,2023,4,Abril,Islas Uros,Media,Semana Santa,1,Otro,161,6.8,43.6,4.3,63.17,Lancha turística
1849,2023,4,Abril,Isla Taquile,Media,Semana Santa,1,Peruano,491,6.8,43.6,3.7,37.81,Tour organizado
1850,2023,4,Abril,Isla Taquile,Media,Semana Santa,1,Estadounidense,335,6.8,43.6,4.3,136.02,Lancha turística
1851,2023,4,Abril,Isla Taquile,Media,Semana Santa,1,Europeo,352,6.8,43.6,3.6,132.82,Lancha turística
1852,2023,4,Abril,Isla Taquile,Media,Semana Santa,1,Asiático,166,6.8,43.6,4.2,78.45,Lancha turística
1853,2023,4,Abril,Isla Taquile,Media,Semana Santa,1,Latinoamericano,171,6.8,43.6,3.5,50.92,Lancha turística
1854,2023,4,Abril,Isla Taquile,Media,Semana Santa,1,Otro,69,6.8,43.6,4.2,79.99,Tour organizado
1855,2023,4,Abril,Cutimbo,Media,Semana Santa,1,Peruano,231,6.8,43.6,3.6,50.02,Transporte público
1856,2023,4,Abril,Cutimbo,Media,Semana Santa,1,Estadounidense,59,6.8,43.6,3.9,105.57,Tour organizado
1857,2023,4,Abril,Cutimbo,Media,Semana Santa,1,Europeo,69,6.8,43.6,3.2,86.18,Transporte propio
1858,2023,4,Abril,Cutimbo,Media,Semana Santa,1,Asiático,23,6.8,43.6,4.0,118.58,Transporte público
1859,2023,4,Abril,Cutimbo,Media,Semana Santa,1,Latinoamericano,42,6.8,43.6,3.4,60.73,Transporte público
1860,2023,4,Abril,Cutimbo,Media,Semana Santa,1,Otro,19,6.8,43.6,3.3,83.34,Transporte público
1861,2023,4,Abril,Pukara,Media,Semana Santa,1,Peruano,287,6.8,43.6,3.4,49.72,Transporte propio
1862,2023,4,Abril,Pukara,Media,Semana Santa,1,Estadounidense,55,6.8,43.6,3.9,119.18,Transporte propio
1863,2023,4,Abril,Pukara,Media,Semana Santa,1,Europeo,74,6.8,43.6,4.1,102.47,Transporte propio
1864,2023,4,Abril,Pukara,Media,Semana Santa,1,Asiático,25,6.8,43.6,3.9,70.49,Tour organizado
1865,2023,4,Abril,Pukara,Media,Semana Santa,1,Latinoamericano,43,6.8,43.6,3.2,58.24,Transporte público
1866,2023,4,Abril,Pukara,Media,Semana Santa,1,Otro,27,6.8,43.6,4.2,62.2,Transporte público
1867,2023,4,Abril,Aramu Muru,Media,Semana Santa,1,Peruano,92,6.8,43.6,4.2,54.87,Transporte propio
1868,2023,4,Abril,Aramu Muru,Media,Semana Santa,1,Estadounidense,27,6.8,43.6,3.5,142.89,Transporte público
1869,2023,4,Abril,Aramu Muru,Media,Semana Santa,1,Europeo,26,6.8,43.6,3.8,97.48,Transporte propio
1870,2023,4,Abril,Aramu Muru,Media,Semana Santa,1,Asiático,10,6.8,43.6,3.9,82.2,Tour organizado
1871,2023,4,Abril,Aramu Muru,Media,Semana Santa,1,Latinoamericano,19,6.8,43.6,3.6,77.66,Transporte propio
1872,2023,4,Abril,Aramu Muru,Media,Semana Santa,1,Otro,10,6.8,43.6,4.1,98.2,Transporte público
1873,2023,5,Mayo,Sillustani,Baja,Ninguna,0,Peruano,163,3.4,0,4.4,40.86,Tour organizado
1874,2023,5,Mayo,Sillustani,Baja,Ninguna,0,Estadounidense,76,3.4,0,4.3,145.19,Transporte propio
1875,2023,5,Mayo,Sillustani,Baja,Ninguna,0,Europeo,87,3.4,0,4.4,125.39,Transporte propio
1876,2023,5,Mayo,Sillustani,Baja,Ninguna,0,Asiático,33,3.4,0,4.2,106.32,Tour organizado
1877,2023,5,Mayo,Sillustani,Baja,Ninguna,0,Latinoamericano,50,3.4,0,4.4,54.85,Tour organizado
1878,2023,5,Mayo,Sillustani,Baja,Ninguna,0,Otro,20,3.4,0,4.1,70.01,Tour organizado
1879,2023,5,Mayo,Islas Uros,Baja,Ninguna,0,Peruano,544,3.4,0,3.7,44.82,Tour organizado
1880,2023,5,Mayo,Islas Uros,Baja,Ninguna,0,Estadounidense,283,3.4,0,3.9,138.39,Tour organizado
1881,2023,5,Mayo,Islas Uros,Baja,Ninguna,0,Europeo,461,3.4,0,3.8,106.76,Lancha turística
1882,2023,5,Mayo,Islas Uros,Baja,Ninguna,0,Asiático,147,3.4,0,3.5,68.02,Tour organizado
1883,2023,5,Mayo,Islas Uros,Baja,Ninguna,0,Latinoamericano,179,3.4,0,4.2,60.37,Tour organizado
1884,2023,5,Mayo,Islas Uros,Baja,Ninguna,0,Otro,80,3.4,0,3.7,57.81,Lancha turística
1885,2023,5,Mayo,Isla Taquile,Baja,Ninguna,0,Peruano,233,3.4,0,3.8,51.71,Lancha turística
1886,2023,5,Mayo,Isla Taquile,Baja,Ninguna,0,Estadounidense,131,3.4,0,3.6,131.31,Tour organizado
1887,2023,5,Mayo,Isla Taquile,Baja,Ninguna,0,Europeo,197,3.4,0,3.6,131.15,Lancha turística
1888,2023,5,Mayo,Isla Taquile,Baja,Ninguna,0,Asiático,57,3.4,0,3.5,72.23,Lancha turística
1889,2023,5,Mayo,Isla Taquile,Baja,Ninguna,0,Latinoamericano,56,3.4,0,4.2,52.07,Tour organizado
1890,2023,5,Mayo,Isla Taquile,Baja,Ninguna,0,Otro,36,3.4,0,4.2,63.37,Lancha turística
1891,2023,5,Mayo,Cutimbo,Baja,Ninguna,0,Peruano,101,3.4,0,4.1,45.87,Transporte público
1892,2023,5,Mayo,Cutimbo,Baja,Ninguna,0,Estadounidense,22,3.4,0,4.0,142.43,Tour organizado
1893,2023,5,Mayo,Cutimbo,Baja,Ninguna,0,Europeo,24,3.4,0,3.5,80.46,Tour organizado
1894,2023,5,Mayo,Cutimbo,Baja,Ninguna,0,Asiático,6,3.4,0,3.6,78.0,Transporte propio
1895,2023,5,Mayo,Cutimbo,Baja,Ninguna,0,Latinoamericano,12,3.4,0,3.4,49.06,Transporte público
1896,2023,5,Mayo,Cutimbo,Baja,Ninguna,0,Otro,6,3.4,0,3.2,95.39,Tour organizado
1897,2023,5,Mayo,Pukara,Baja,Ninguna,0,Peruano,145,3.4,0,4.0,53.92,Transporte propio
1898,2023,5,Mayo,Pukara,Baja,Ninguna,0,Estadounidense,30,3.4,0,3.2,120.9,Transporte propio
1899,2023,5,Mayo,Pukara,Baja,Ninguna,0,Europeo,32,3.4,0,3.8,118.23,Transporte público
1900,2023,5,Mayo,Pukara,Baja,Ninguna,0,Asiático,13,3.4,0,3.3,78.69,Transporte propio
1901,2023,5,Mayo,Pukara,Baja,Ninguna,0,Latinoamericano,17,3.4,0,3.2,71.01,Tour organizado
1902,2023,5,Mayo,Pukara,Baja,Ninguna,0,Otro,10,3.4,0,3.7,59.17,Transporte propio
1903,2023,5,Mayo,Aramu Muru,Baja,Ninguna,0,Peruano,51,3.4,0,3.3,37.4,Transporte propio
1904,2023,5,Mayo,Aramu Muru,Baja,Ninguna,0,Estadounidense,13,3.4,0,3.7,155.31,Transporte propio
1905,2023,5,Mayo,Aramu Muru,Baja,Ninguna,0,Europeo,13,3.4,0,3.3,98.41,Transporte público
1906,2023,5,Mayo,Aramu Muru,Baja,Ninguna,0,Asiático,5,3.4,0,4.2,106.04,Transporte propio
1907,2023,5,Mayo,Aramu Muru,Baja,Ninguna,0,Latinoamericano,6,3.4,0,4.0,72.32,Transporte público
1908,2023,5,Mayo,Aramu Muru,Baja,Ninguna,0,Otro,4,3.4,0,3.2,99.78,Transporte público
1909,2023,6,Junio,Sillustani,Baja,Inti Raymi,1,Peruano,218,1.1,10.6,4.5,37.78,Transporte público
1910,2023,6,Junio,Sillustani,Baja,Inti Raymi,1,Estadounidense,119,1.1,10.6,3.6,101.02,Transporte propio
1911,2023,6,Junio,Sillustani,Baja,Inti Raymi,1,Europeo,146,1.1,10.6,4.1,80.95,Tour organizado
1912,2023,6,Junio,Sillustani,Baja,Inti Raymi,1,Asiático,48,1.1,10.6,3.7,87.92,Tour organizado
1913,2023,6,Junio,Sillustani,Baja,Inti Raymi,1,Latinoamericano,64,1.1,10.6,4.2,84.05,Transporte propio
1914,2023,6,Junio,Sillustani,Baja,Inti Raymi,1,Otro,32,1.1,10.6,3.8,69.35,Tour organizado
1915,2023,6,Junio,Islas Uros,Baja,Inti Raymi,1,Peruano,736,1.1,10.6,4.1,39.29,Lancha turística
1916,2023,6,Junio,Islas Uros,Baja,Inti Raymi,1,Estadounidense,367,1.1,10.6,4.2,108.68,Lancha turística
1917,2023,6,Junio,Islas Uros,Baja,Inti Raymi,1,Europeo,523,1.1,10.6,4.4,120.89,Lancha turística
1918,2023,6,Junio,Islas Uros,Baja,Inti Raymi,1,Asiático,230,1.1,10.6,4.2,79.18,Lancha turística
1919,2023,6,Junio,Islas Uros,Baja,Inti Raymi,1,Latinoamericano,207,1.1,10.6,3.7,70.06,Lancha turística
1920,2023,6,Junio,Islas Uros,Baja,Inti Raymi,1,Otro,118,1.1,10.6,3.6,65.24,Tour organizado
1921,2023,6,Junio,Isla Taquile,Baja,Inti Raymi,1,Peruano,397,1.1,10.6,3.6,36.19,Tour organizado
1922,2023,6,Junio,Isla Taquile,Baja,Inti Raymi,1,Estadounidense,255,1.1,10.6,4.4,101.01,Lancha turística
1923,2023,6,Junio,Isla Taquile,Baja,Inti Raymi,1,Europeo,273,1.1,10.6,4.0,87.83,Lancha turística
1924,2023,6,Junio,Isla Taquile,Baja,Inti Raymi,1,Asiático,101,1.1,10.6,3.7,80.69,Lancha turística
1925,2023,6,Junio,Isla Taquile,Baja,Inti Raymi,1,Latinoamericano,116,1.1,10.6,4.5,53.35,Lancha turística
1926,2023,6,Junio,Isla Taquile,Baja,Inti Raymi,1,Otro,46,1.1,10.6,4.5,75.12,Lancha turística
1927,2023,6,Junio,Cutimbo,Baja,Inti Raymi,1,Peruano,129,1.1,10.6,3.8,43.2,Transporte propio
1928,2023,6,Junio,Cutimbo,Baja,Inti Raymi,1,Estadounidense,32,1.1,10.6,4.0,85.43,Transporte público
1929,2023,6,Junio,Cutimbo,Baja,Inti Raymi,1,Europeo,35,1.1,10.6,3.3,136.83,Transporte propio
1930,2023,6,Junio,Cutimbo,Baja,Inti Raymi,1,Asiático,12,1.1,10.6,3.4,107.92,Transporte propio
1931,2023,6,Junio,Cutimbo,Baja,Inti Raymi,1,Latinoamericano,18,1.1,10.6,3.5,56.55,Transporte público
1932,2023,6,Junio,Cutimbo,Baja,Inti Raymi,1,Otro,10,1.1,10.6,3.3,78.52,Transporte propio
1933,2023,6,Junio,Pukara,Baja,Inti Raymi,1,Peruano,162,1.1,10.6,4.1,51.22,Transporte propio
1934,2023,6,Junio,Pukara,Baja,Inti Raymi,1,Estadounidense,44,1.1,10.6,4.1,151.7,Transporte propio
1935,2023,6,Junio,Pukara,Baja,Inti Raymi,1,Europeo,52,1.1,10.6,3.5,142.18,Tour organizado
1936,2023,6,Junio,Pukara,Baja,Inti Raymi,1,Asiático,17,1.1,10.6,3.2,119.03,Transporte público
1937,2023,6,Junio,Pukara,Baja,Inti Raymi,1,Latinoamericano,34,1.1,10.6,3.4,75.26,Transporte propio
1938,2023,6,Junio,Pukara,Baja,Inti Raymi,1,Otro,20,1.1,10.6,4.0,72.73,Transporte público
1939,2023,6,Junio,Aramu Muru,Baja,Inti Raymi,1,Peruano,66,1.1,10.6,3.3,41.9,Transporte público
1940,2023,6,Junio,Aramu Muru,Baja,Inti Raymi,1,Estadounidense,16,1.1,10.6,3.4,86.48,Transporte propio
1941,2023,6,Junio,Aramu Muru,Baja,Inti Raymi,1,Europeo,20,1.1,10.6,3.9,123.03,Transporte propio
1942,2023,6,Junio,Aramu Muru,Baja,Inti Raymi,1,Asiático,5,1.1,10.6,3.7,105.32,Transporte propio
1943,2023,6,Junio,Aramu Muru,Baja,Inti Raymi,1,Latinoamericano,9,1.1,10.6,3.8,71.34,Transporte propio
1944,2023,6,Junio,Aramu Muru,Baja,Inti Raymi,1,Otro,5,1.1,10.6,4.0,86.93,Transporte público
1945,2023,7,Julio,Sillustani,Alta,Fiestas Patrias,1,Peruano,690,0.7,6.4,3.5,42.92,Transporte propio
1946,2023,7,Julio,Sillustani,Alta,Fiestas Patrias,1,Estadounidense,317,0.7,6.4,3.6,153.67,Transporte propio
1947,2023,7,Julio,Sillustani,Alta,Fiestas Patrias,1,Europeo,445,0.7,6.4,4.0,126.66,Tour organizado
1948,2023,7,Julio,Sillustani,Alta,Fiestas Patrias,1,Asiático,132,0.7,6.4,3.9,111.96,Tour organizado
1949,2023,7,Julio,Sillustani,Alta,Fiestas Patrias,1,Latinoamericano,213,0.7,6.4,3.5,74.68,Tour organizado
1950,2023,7,Julio,Sillustani,Alta,Fiestas Patrias,1,Otro,78,0.7,6.4,3.5,79.6,Tour organizado
1951,2023,7,Julio,Islas Uros,Alta,Fiestas Patrias,1,Peruano,1538,0.7,6.4,3.8,49.17,Tour organizado
1952,2023,7,Julio,Islas Uros,Alta,Fiestas Patrias,1,Estadounidense,924,0.7,6.4,3.5,97.42,Lancha turística
1953,2023,7,Julio,Islas Uros,Alta,Fiestas Patrias,1,Europeo,1045,0.7,6.4,3.5,139.6,Lancha turística
1954,2023,7,Julio,Islas Uros,Alta,Fiestas Patrias,1,Asiático,488,0.7,6.4,3.5,77.95,Tour organizado
1955,2023,7,Julio,Islas Uros,Alta,Fiestas Patrias,1,Latinoamericano,415,0.7,6.4,4.1,55.61,Lancha turística
1956,2023,7,Julio,Islas Uros,Alta,Fiestas Patrias,1,Otro,232,0.7,6.4,4.2,61.24,Tour organizado
1957,2023,7,Julio,Isla Taquile,Alta,Fiestas Patrias,1,Peruano,648,0.7,6.4,3.7,38.97,Lancha turística
1958,2023,7,Julio,Isla Taquile,Alta,Fiestas Patrias,1,Estadounidense,382,0.7,6.4,3.5,118.93,Lancha turística
1959,2023,7,Julio,Isla Taquile,Alta,Fiestas Patrias,1,Europeo,473,0.7,6.4,3.6,140.04,Tour organizado
1960,2023,7,Julio,Isla Taquile,Alta,Fiestas Patrias,1,Asiático,243,0.7,6.4,4.3,72.02,Tour organizado
1961,2023,7,Julio,Isla Taquile,Alta,Fiestas Patrias,1,Latinoamericano,263,0.7,6.4,3.7,65.78,Lancha turística
1962,2023,7,Julio,Isla Taquile,Alta,Fiestas Patrias,1,Otro,138,0.7,6.4,3.8,72.18,Lancha turística
1963,2023,7,Julio,Cutimbo,Alta,Fiestas Patrias,1,Peruano,367,0.7,6.4,3.3,40.01,Transporte propio
1964,2023,7,Julio,Cutimbo,Alta,Fiestas Patrias,1,Estadounidense,87,0.7,6.4,3.7,111.25,Tour organizado
1965,2023,7,Julio,Cutimbo,Alta,Fiestas Patrias,1,Europeo,111,0.7,6.4,3.9,130.21,Tour organizado
1966,2023,7,Julio,Cutimbo,Alta,Fiestas Patrias,1,Asiático,30,0.7,6.4,3.7,107.84,Transporte propio
1967,2023,7,Julio,Cutimbo,Alta,Fiestas Patrias,1,Latinoamericano,40,0.7,6.4,3.1,66.19,Transporte propio
1968,2023,7,Julio,Cutimbo,Alta,Fiestas Patrias,1,Otro,29,0.7,6.4,3.6,87.63,Transporte público
1969,2023,7,Julio,Pukara,Alta,Fiestas Patrias,1,Peruano,513,0.7,6.4,3.0,48.73,Transporte propio
1970,2023,7,Julio,Pukara,Alta,Fiestas Patrias,1,Estadounidense,84,0.7,6.4,3.4,87.29,Transporte propio
1971,2023,7,Julio,Pukara,Alta,Fiestas Patrias,1,Europeo,140,0.7,6.4,3.2,108.98,Tour organizado
1972,2023,7,Julio,Pukara,Alta,Fiestas Patrias,1,Asiático,41,0.7,6.4,3.9,120.16,Transporte público
1973,2023,7,Julio,Pukara,Alta,Fiestas Patrias,1,Latinoamericano,83,0.7,6.4,3.9,80.8,Transporte público
1974,2023,7,Julio,Pukara,Alta,Fiestas Patrias,1,Otro,40,0.7,6.4,3.2,62.87,Tour organizado
1975,2023,7,Julio,Aramu Muru,Alta,Fiestas Patrias,1,Peruano,179,0.7,6.4,3.3,49.67,Transporte público
1976,2023,7,Julio,Aramu Muru,Alta,Fiestas Patrias,1,Estadounidense,30,0.7,6.4,3.4,92.33,Transporte propio
1977,2023,7,Julio,Aramu Muru,Alta,Fiestas Patrias,1,Europeo,39,0.7,6.4,3.2,139.32,Tour organizado
1978,2023,7,Julio,Aramu Muru,Alta,Fiestas Patrias,1,Asiático,12,0.7,6.4,4.0,68.17,Transporte propio
1979,2023,7,Julio,Aramu Muru,Alta,Fiestas Patrias,1,Latinoamericano,27,0.7,6.4,3.8,54.09,Transporte propio
1980,2023,7,Julio,Aramu Muru,Alta,Fiestas Patrias,1,Otro,15,0.7,6.4,4.0,88.19,Transporte propio
1981,2023,8,Agosto,Sillustani,Alta,Ninguna,0,Peruano,524,4.3,13.3,3.6,37.54,Transporte público
1982,2023,8,Agosto,Sillustani,Alta,Ninguna,0,Estadounidense,266,4.3,13.3,3.9,130.37,Transporte propio
1983,2023,8,Agosto,Sillustani,Alta,Ninguna,0,Europeo,343,4.3,13.3,4.0,124.85,Transporte público
1984,2023,8,Agosto,Sillustani,Alta,Ninguna,0,Asiático,127,4.3,13.3,3.7,79.8,Tour organizado
1985,2023,8,Agosto,Sillustani,Alta,Ninguna,0,Latinoamericano,136,4.3,13.3,3.4,48.98,Transporte público
1986,2023,8,Agosto,Sillustani,Alta,Ninguna,0,Otro,78,4.3,13.3,4.0,61.57,Tour organizado
1987,2023,8,Agosto,Islas Uros,Alta,Ninguna,0,Peruano,1035,4.3,13.3,3.7,51.4,Lancha turística
1988,2023,8,Agosto,Islas Uros,Alta,Ninguna,0,Estadounidense,615,4.3,13.3,3.8,144.99,Lancha turística
1989,2023,8,Agosto,Islas Uros,Alta,Ninguna,0,Europeo,865,4.3,13.3,3.7,121.83,Lancha turística
1990,2023,8,Agosto,Islas Uros,Alta,Ninguna,0,Asiático,375,4.3,13.3,3.9,79.16,Lancha turística
1991,2023,8,Agosto,Islas Uros,Alta,Ninguna,0,Latinoamericano,299,4.3,13.3,4.2,57.82,Lancha turística
1992,2023,8,Agosto,Islas Uros,Alta,Ninguna,0,Otro,211,4.3,13.3,3.8,77.88,Tour organizado
1993,2023,8,Agosto,Isla Taquile,Alta,Ninguna,0,Peruano,621,4.3,13.3,4.1,53.85,Lancha turística
1994,2023,8,Agosto,Isla Taquile,Alta,Ninguna,0,Estadounidense,391,4.3,13.3,3.6,155.3,Lancha turística
1995,2023,8,Agosto,Isla Taquile,Alta,Ninguna,0,Europeo,428,4.3,13.3,4.1,114.88,Tour organizado
1996,2023,8,Agosto,Isla Taquile,Alta,Ninguna,0,Asiático,213,4.3,13.3,3.8,106.64,Lancha turística
1997,2023,8,Agosto,Isla Taquile,Alta,Ninguna,0,Latinoamericano,155,4.3,13.3,4.1,51.46,Tour organizado
1998,2023,8,Agosto,Isla Taquile,Alta,Ninguna,0,Otro,83,4.3,13.3,4.0,94.9,Tour organizado
1999,2023,8,Agosto,Cutimbo,Alta,Ninguna,0,Peruano,346,4.3,13.3,3.8,54.63,Transporte público
2000,2023,8,Agosto,Cutimbo,Alta,Ninguna,0,Estadounidense,59,4.3,13.3,3.8,149.69,Transporte propio
2001,2023,8,Agosto,Cutimbo,Alta,Ninguna,0,Europeo,96,4.3,13.3,3.5,99.27,Transporte público
2002,2023,8,Agosto,Cutimbo,Alta,Ninguna,0,Asiático,32,4.3,13.3,3.8,88.79,Transporte propio
2003,2023,8,Agosto,Cutimbo,Alta,Ninguna,0,Latinoamericano,39,4.3,13.3,3.9,72.84,Transporte público
2004,2023,8,Agosto,Cutimbo,Alta,Ninguna,0,Otro,22,4.3,13.3,3.3,93.98,Tour organizado
2005,2023,8,Agosto,Pukara,Alta,Ninguna,0,Peruano,442,4.3,13.3,3.5,35.92,Transporte propio
2006,2023,8,Agosto,Pukara,Alta,Ninguna,0,Estadounidense,86,4.3,13.3,3.5,148.6,Transporte propio
2007,2023,8,Agosto,Pukara,Alta,Ninguna,0,Europeo,98,4.3,13.3,3.7,125.53,Tour organizado
2008,2023,8,Agosto,Pukara,Alta,Ninguna,0,Asiático,35,4.3,13.3,3.9,72.31,Transporte propio
2009,2023,8,Agosto,Pukara,Alta,Ninguna,0,Latinoamericano,56,4.3,13.3,4.0,72.0,Transporte propio
2010,2023,8,Agosto,Pukara,Alta,Ninguna,0,Otro,43,4.3,13.3,3.1,102.76,Transporte propio
2011,2023,8,Agosto,Aramu Muru,Alta,Ninguna,0,Peruano,132,4.3,13.3,3.5,40.64,Transporte público
2012,2023,8,Agosto,Aramu Muru,Alta,Ninguna,0,Estadounidense,40,4.3,13.3,3.6,113.09,Tour organizado
2013,2023,8,Agosto,Aramu Muru,Alta,Ninguna,0,Europeo,36,4.3,13.3,3.4,96.98,Transporte propio
2014,2023,8,Agosto,Aramu Muru,Alta,Ninguna,0,Asiático,15,4.3,13.3,3.4,105.93,Tour organizado
2015,2023,8,Agosto,Aramu Muru,Alta,Ninguna,0,Latinoamericano,25,4.3,13.3,3.9,70.86,Transporte propio
2016,2023,8,Agosto,Aramu Muru,Alta,Ninguna,0,Otro,15,4.3,13.3,3.4,56.56,Tour organizado
2017,2023,9,Septiembre,Sillustani,Media,Ninguna,0,Peruano,309,4.2,24.6,3.5,46.97,Transporte público
2018,2023,9,Septiembre,Sillustani,Media,Ninguna,0,Estadounidense,157,4.2,24.6,4.2,90.81,Transporte público
2019,2023,9,Septiembre,Sillustani,Media,Ninguna,0,Europeo,169,4.2,24.6,4.0,119.54,Transporte propio
2020,2023,9,Septiembre,Sillustani,Media,Ninguna,0,Asiático,64,4.2,24.6,3.6,85.04,Transporte público
2021,2023,9,Septiembre,Sillustani,Media,Ninguna,0,Latinoamericano,92,4.2,24.6,4.3,46.27,Transporte público
2022,2023,9,Septiembre,Sillustani,Media,Ninguna,0,Otro,49,4.2,24.6,4.3,81.44,Tour organizado
2023,2023,9,Septiembre,Islas Uros,Media,Ninguna,0,Peruano,818,4.2,24.6,4.2,52.83,Lancha turística
2024,2023,9,Septiembre,Islas Uros,Media,Ninguna,0,Estadounidense,581,4.2,24.6,3.7,131.42,Lancha turística
2025,2023,9,Septiembre,Islas Uros,Media,Ninguna,0,Europeo,575,4.2,24.6,4.1,88.88,Tour organizado
2026,2023,9,Septiembre,Islas Uros,Media,Ninguna,0,Asiático,258,4.2,24.6,3.8,68.73,Tour organizado
2027,2023,9,Septiembre,Islas Uros,Media,Ninguna,0,Latinoamericano,232,4.2,24.6,3.7,67.44,Lancha turística
2028,2023,9,Septiembre,Islas Uros,Media,Ninguna,0,Otro,110,4.2,24.6,3.6,70.33,Tour organizado
2029,2023,9,Septiembre,Isla Taquile,Media,Ninguna,0,Peruano,405,4.2,24.6,4.2,38.21,Lancha turística
2030,2023,9,Septiembre,Isla Taquile,Media,Ninguna,0,Estadounidense,267,4.2,24.6,4.0,140.36,Tour organizado
2031,2023,9,Septiembre,Isla Taquile,Media,Ninguna,0,Europeo,287,4.2,24.6,3.6,109.37,Lancha turística
2032,2023,9,Septiembre,Isla Taquile,Media,Ninguna,0,Asiático,114,4.2,24.6,4.5,86.57,Tour organizado
2033,2023,9,Septiembre,Isla Taquile,Media,Ninguna,0,Latinoamericano,113,4.2,24.6,4.2,71.34,Lancha turística
2034,2023,9,Septiembre,Isla Taquile,Media,Ninguna,0,Otro,50,4.2,24.6,3.7,70.39,Lancha turística
2035,2023,9,Septiembre,Cutimbo,Media,Ninguna,0,Peruano,204,4.2,24.6,3.4,41.19,Transporte propio
2036,2023,9,Septiembre,Cutimbo,Media,Ninguna,0,Estadounidense,46,4.2,24.6,3.6,123.59,Transporte propio
2037,2023,9,Septiembre,Cutimbo,Media,Ninguna,0,Europeo,51,4.2,24.6,4.1,103.4,Tour organizado
2038,2023,9,Septiembre,Cutimbo,Media,Ninguna,0,Asiático,21,4.2,24.6,3.9,120.09,Transporte propio
2039,2023,9,Septiembre,Cutimbo,Media,Ninguna,0,Latinoamericano,29,4.2,24.6,3.3,74.07,Transporte propio
2040,2023,9,Septiembre,Cutimbo,Media,Ninguna,0,Otro,19,4.2,24.6,3.8,87.09,Transporte propio
2041,2023,9,Septiembre,Pukara,Media,Ninguna,0,Peruano,193,4.2,24.6,4.2,43.21,Tour organizado
2042,2023,9,Septiembre,Pukara,Media,Ninguna,0,Estadounidense,58,4.2,24.6,3.4,103.45,Tour organizado
2043,2023,9,Septiembre,Pukara,Media,Ninguna,0,Europeo,65,4.2,24.6,3.6,98.74,Tour organizado
2044,2023,9,Septiembre,Pukara,Media,Ninguna,0,Asiático,19,4.2,24.6,3.5,82.08,Transporte propio
2045,2023,9,Septiembre,Pukara,Media,Ninguna,0,Latinoamericano,29,4.2,24.6,3.3,83.7,Transporte propio
2046,2023,9,Septiembre,Pukara,Media,Ninguna,0,Otro,19,4.2,24.6,3.3,100.43,Transporte propio
2047,2023,9,Septiembre,Aramu Muru,Media,Ninguna,0,Peruano,99,4.2,24.6,3.8,53.28,Tour organizado
2048,2023,9,Septiembre,Aramu Muru,Media,Ninguna,0,Estadounidense,19,4.2,24.6,3.9,146.31,Transporte propio
2049,2023,9,Septiembre,Aramu Muru,Media,Ninguna,0,Europeo,24,4.2,24.6,4.1,88.27,Transporte público
2050,2023,9,Septiembre,Aramu Muru,Media,Ninguna,0,Asiático,6,4.2,24.6,4.0,105.14,Transporte público
2051,2023,9,Septiembre,Aramu Muru,Media,Ninguna,0,Latinoamericano,12,4.2,24.6,3.3,45.87,Transporte propio
2052,2023,9,Septiembre,Aramu Muru,Media,Ninguna,0,Otro,8,4.2,24.6,3.3,83.24,Transporte propio
2053,2023,10,Octubre,Sillustani,Media,Ninguna,0,Peruano,363,6.2,59.0,3.7,47.93,Transporte propio
2054,2023,10,Octubre,Sillustani,Media,Ninguna,0,Estadounidense,150,6.2,59.0,4.5,141.49,Transporte público
2055,2023,10,Octubre,Sillustani,Media,Ninguna,0,Europeo,192,6.2,59.0,4.5,111.36,Tour organizado
2056,2023,10,Octubre,Sillustani,Media,Ninguna,0,Asiático,70,6.2,59.0,4.4,120.5,Transporte propio
2057,2023,10,Octubre,Sillustani,Media,Ninguna,0,Latinoamericano,127,6.2,59.0,4.3,70.25,Tour organizado
2058,2023,10,Octubre,Sillustani,Media,Ninguna,0,Otro,52,6.2,59.0,4.4,63.93,Tour organizado
2059,2023,10,Octubre,Islas Uros,Media,Ninguna,0,Peruano,630,6.2,59.0,4.4,53.33,Lancha turística
2060,2023,10,Octubre,Islas Uros,Media,Ninguna,0,Estadounidense,544,6.2,59.0,3.9,120.63,Tour organizado
2061,2023,10,Octubre,Islas Uros,Media,Ninguna,0,Europeo,490,6.2,59.0,4.0,122.22,Tour organizado
2062,2023,10,Octubre,Islas Uros,Media,Ninguna,0,Asiático,265,6.2,59.0,4.2,89.61,Tour organizado
2063,2023,10,Octubre,Islas Uros,Media,Ninguna,0,Latinoamericano,201,6.2,59.0,4.3,45.78,Lancha turística
2064,2023,10,Octubre,Islas Uros,Media,Ninguna,0,Otro,124,6.2,59.0,4.2,67.72,Tour organizado
2065,2023,10,Octubre,Isla Taquile,Media,Ninguna,0,Peruano,462,6.2,59.0,4.5,57.01,Tour organizado
2066,2023,10,Octubre,Isla Taquile,Media,Ninguna,0,Estadounidense,275,6.2,59.0,4.1,153.45,Tour organizado
2067,2023,10,Octubre,Isla Taquile,Media,Ninguna,0,Europeo,386,6.2,59.0,4.3,136.65,Lancha turística
2068,2023,10,Octubre,Isla Taquile,Media,Ninguna,0,Asiático,109,6.2,59.0,4.3,95.78,Lancha turística
2069,2023,10,Octubre,Isla Taquile,Media,Ninguna,0,Latinoamericano,127,6.2,59.0,3.9,60.06,Lancha turística
2070,2023,10,Octubre,Isla Taquile,Media,Ninguna,0,Otro,61,6.2,59.0,4.2,95.92,Lancha turística
2071,2023,10,Octubre,Cutimbo,Media,Ninguna,0,Peruano,161,6.2,59.0,3.5,31.56,Transporte público
2072,2023,10,Octubre,Cutimbo,Media,Ninguna,0,Estadounidense,31,6.2,59.0,3.5,151.18,Tour organizado
2073,2023,10,Octubre,Cutimbo,Media,Ninguna,0,Europeo,51,6.2,59.0,4.1,132.99,Tour organizado
2074,2023,10,Octubre,Cutimbo,Media,Ninguna,0,Asiático,13,6.2,59.0,3.8,85.23,Transporte propio
2075,2023,10,Octubre,Cutimbo,Media,Ninguna,0,Latinoamericano,19,6.2,59.0,3.5,73.67,Transporte público
2076,2023,10,Octubre,Cutimbo,Media,Ninguna,0,Otro,13,6.2,59.0,3.3,79.62,Tour organizado
2077,2023,10,Octubre,Pukara,Media,Ninguna,0,Peruano,269,6.2,59.0,3.6,56.15,Tour organizado
2078,2023,10,Octubre,Pukara,Media,Ninguna,0,Estadounidense,43,6.2,59.0,3.9,100.28,Transporte público
2079,2023,10,Octubre,Pukara,Media,Ninguna,0,Europeo,60,6.2,59.0,3.6,135.88,Transporte propio
2080,2023,10,Octubre,Pukara,Media,Ninguna,0,Asiático,17,6.2,59.0,3.6,114.34,Transporte propio
2081,2023,10,Octubre,Pukara,Media,Ninguna,0,Latinoamericano,28,6.2,59.0,3.9,45.73,Transporte propio
2082,2023,10,Octubre,Pukara,Media,Ninguna,0,Otro,17,6.2,59.0,3.5,62.42,Transporte público
2083,2023,10,Octubre,Aramu Muru,Media,Ninguna,0,Peruano,107,6.2,59.0,3.4,36.87,Transporte público
2084,2023,10,Octubre,Aramu Muru,Media,Ninguna,0,Estadounidense,24,6.2,59.0,4.2,92.55,Transporte público
2085,2023,10,Octubre,Aramu Muru,Media,Ninguna,0,Europeo,25,6.2,59.0,4.0,124.15,Transporte propio
2086,2023,10,Octubre,Aramu Muru,Media,Ninguna,0,Asiático,9,6.2,59.0,4.0,89.29,Transporte público
2087,2023,10,Octubre,Aramu Muru,Media,Ninguna,0,Latinoamericano,11,6.2,59.0,4.2,76.42,Transporte propio
2088,2023,10,Octubre,Aramu Muru,Media,Ninguna,0,Otro,7,6.2,59.0,3.7,92.83,Transporte propio
2089,2023,11,Noviembre,Sillustani,Baja,Todos los Santos,1,Peruano,233,6.7,83.2,3.2,44.47,Tour organizado
2090,2023,11,Noviembre,Sillustani,Baja,Todos los Santos,1,Estadounidense,114,6.7,83.2,4.0,101.84,Tour organizado
2091,2023,11,Noviembre,Sillustani,Baja,Todos los Santos,1,Europeo,153,6.7,83.2,3.4,95.56,Tour organizado
2092,2023,11,Noviembre,Sillustani,Baja,Todos los Santos,1,Asiático,58,6.7,83.2,4.2,80.6,Transporte propio
2093,2023,11,Noviembre,Sillustani,Baja,Todos los Santos,1,Latinoamericano,67,6.7,83.2,3.9,77.09,Transporte público
2094,2023,11,Noviembre,Sillustani,Baja,Todos los Santos,1,Otro,33,6.7,83.2,3.4,97.03,Tour organizado
2095,2023,11,Noviembre,Islas Uros,Baja,Todos los Santos,1,Peruano,481,6.7,83.2,3.2,58.24,Lancha turística
2096,2023,11,Noviembre,Islas Uros,Baja,Todos los Santos,1,Estadounidense,365,6.7,83.2,3.8,90.55,Lancha turística
2097,2023,11,Noviembre,Islas Uros,Baja,Todos los Santos,1,Europeo,447,6.7,83.2,3.7,123.21,Lancha turística
2098,2023,11,Noviembre,Islas Uros,Baja,Todos los Santos,1,Asiático,167,6.7,83.2,3.6,70.0,Lancha turística
2099,2023,11,Noviembre,Islas Uros,Baja,Todos los Santos,1,Latinoamericano,198,6.7,83.2,3.5,56.0,Lancha turística
2100,2023,11,Noviembre,Islas Uros,Baja,Todos los Santos,1,Otro,110,6.7,83.2,3.9,67.85,Lancha turística
2101,2023,11,Noviembre,Isla Taquile,Baja,Todos los Santos,1,Peruano,213,6.7,83.2,3.9,40.18,Lancha turística
2102,2023,11,Noviembre,Isla Taquile,Baja,Todos los Santos,1,Estadounidense,175,6.7,83.2,4.1,91.25,Lancha turística
2103,2023,11,Noviembre,Isla Taquile,Baja,Todos los Santos,1,Europeo,200,6.7,83.2,3.7,99.06,Lancha turística
2104,2023,11,Noviembre,Isla Taquile,Baja,Todos los Santos,1,Asiático,74,6.7,83.2,3.2,97.95,Lancha turística
2105,2023,11,Noviembre,Isla Taquile,Baja,Todos los Santos,1,Latinoamericano,82,6.7,83.2,3.9,59.59,Tour organizado
2106,2023,11,Noviembre,Isla Taquile,Baja,Todos los Santos,1,Otro,44,6.7,83.2,3.6,87.21,Lancha turística
2107,2023,11,Noviembre,Cutimbo,Baja,Todos los Santos,1,Peruano,115,6.7,83.2,3.0,48.5,Tour organizado
2108,2023,11,Noviembre,Cutimbo,Baja,Todos los Santos,1,Estadounidense,24,6.7,83.2,3.9,147.65,Transporte propio
2109,2023,11,Noviembre,Cutimbo,Baja,Todos los Santos,1,Europeo,33,6.7,83.2,3.3,83.51,Transporte propio
2110,2023,11,Noviembre,Cutimbo,Baja,Todos los Santos,1,Asiático,11,6.7,83.2,3.4,109.88,Transporte propio
2111,2023,11,Noviembre,Cutimbo,Baja,Todos los Santos,1,Latinoamericano,16,6.7,83.2,3.1,66.97,Transporte propio
2112,2023,11,Noviembre,Cutimbo,Baja,Todos los Santos,1,Otro,14,6.7,83.2,3.7,96.61,Transporte propio
2113,2023,11,Noviembre,Pukara,Baja,Todos los Santos,1,Peruano,197,6.7,83.2,3.6,56.09,Tour organizado
2114,2023,11,Noviembre,Pukara,Baja,Todos los Santos,1,Estadounidense,43,6.7,83.2,3.4,152.58,Tour organizado
2115,2023,11,Noviembre,Pukara,Baja,Todos los Santos,1,Europeo,47,6.7,83.2,3.2,140.85,Transporte propio
2116,2023,11,Noviembre,Pukara,Baja,Todos los Santos,1,Asiático,14,6.7,83.2,3.5,111.78,Transporte propio
2117,2023,11,Noviembre,Pukara,Baja,Todos los Santos,1,Latinoamericano,32,6.7,83.2,3.3,72.2,Tour organizado
2118,2023,11,Noviembre,Pukara,Baja,Todos los Santos,1,Otro,15,6.7,83.2,3.7,74.44,Transporte público
2119,2023,11,Noviembre,Aramu Muru,Baja,Todos los Santos,1,Peruano,59,6.7,83.2,3.1,35.82,Transporte propio
2120,2023,11,Noviembre,Aramu Muru,Baja,Todos los Santos,1,Estadounidense,14,6.7,83.2,2.9,150.86,Transporte público
2121,2023,11,Noviembre,Aramu Muru,Baja,Todos los Santos,1,Europeo,17,6.7,83.2,3.6,94.08,Transporte propio
2122,2023,11,Noviembre,Aramu Muru,Baja,Todos los Santos,1,Asiático,5,6.7,83.2,3.2,73.29,Transporte propio
2123,2023,11,Noviembre,Aramu Muru,Baja,Todos los Santos,1,Latinoamericano,7,6.7,83.2,3.1,47.02,Transporte propio
2124,2023,11,Noviembre,Aramu Muru,Baja,Todos los Santos,1,Otro,7,6.7,83.2,3.2,62.38,Tour organizado
2125,2023,12,Diciembre,Sillustani,Alta,Navidad,1,Peruano,679,8.9,100.0,3.0,40.88,Transporte público
2126,2023,12,Diciembre,Sillustani,Alta,Navidad,1,Estadounidense,410,8.9,100.0,3.3,152.14,Transporte público
2127,2023,12,Diciembre,Sillustani,Alta,Navidad,1,Europeo,381,8.9,100.0,3.1,136.29,Tour organizado
2128,2023,12,Diciembre,Sillustani,Alta,Navidad,1,Asiático,142,8.9,100.0,3.1,113.01,Tour organizado
2129,2023,12,Diciembre,Sillustani,Alta,Navidad,1,Latinoamericano,204,8.9,100.0,4.0,52.39,Tour organizado
2130,2023,12,Diciembre,Sillustani,Alta,Navidad,1,Otro,97,8.9,100.0,4.0,93.35,Transporte público
2131,2023,12,Diciembre,Islas Uros,Alta,Navidad,1,Peruano,1586,8.9,100.0,3.4,49.15,Tour organizado
2132,2023,12,Diciembre,Islas Uros,Alta,Navidad,1,Estadounidense,1014,8.9,100.0,3.6,142.81,Lancha turística
2133,2023,12,Diciembre,Islas Uros,Alta,Navidad,1,Europeo,1119,8.9,100.0,3.2,118.57,Lancha turística
2134,2023,12,Diciembre,Islas Uros,Alta,Navidad,1,Asiático,415,8.9,100.0,3.2,107.9,Lancha turística
2135,2023,12,Diciembre,Islas Uros,Alta,Navidad,1,Latinoamericano,413,8.9,100.0,3.5,64.84,Lancha turística
2136,2023,12,Diciembre,Islas Uros,Alta,Navidad,1,Otro,210,8.9,100.0,3.9,65.07,Lancha turística
2137,2023,12,Diciembre,Isla Taquile,Alta,Navidad,1,Peruano,776,8.9,100.0,3.3,39.87,Lancha turística
2138,2023,12,Diciembre,Isla Taquile,Alta,Navidad,1,Estadounidense,669,8.9,100.0,3.7,97.53,Lancha turística
2139,2023,12,Diciembre,Isla Taquile,Alta,Navidad,1,Europeo,615,8.9,100.0,3.2,137.0,Lancha turística
2140,2023,12,Diciembre,Isla Taquile,Alta,Navidad,1,Asiático,249,8.9,100.0,3.5,107.93,Lancha turística
2141,2023,12,Diciembre,Isla Taquile,Alta,Navidad,1,Latinoamericano,309,8.9,100.0,3.4,46.31,Lancha turística
2142,2023,12,Diciembre,Isla Taquile,Alta,Navidad,1,Otro,164,8.9,100.0,3.6,58.1,Lancha turística
2143,2023,12,Diciembre,Cutimbo,Alta,Navidad,1,Peruano,353,8.9,100.0,3.6,47.69,Tour organizado
2144,2023,12,Diciembre,Cutimbo,Alta,Navidad,1,Estadounidense,100,8.9,100.0,2.8,137.0,Transporte propio
2145,2023,12,Diciembre,Cutimbo,Alta,Navidad,1,Europeo,121,8.9,100.0,2.8,86.19,Transporte público
2146,2023,12,Diciembre,Cutimbo,Alta,Navidad,1,Asiático,39,8.9,100.0,3.0,93.8,Transporte propio
2147,2023,12,Diciembre,Cutimbo,Alta,Navidad,1,Latinoamericano,46,8.9,100.0,3.4,69.97,Tour organizado
2148,2023,12,Diciembre,Cutimbo,Alta,Navidad,1,Otro,28,8.9,100.0,2.7,82.14,Tour organizado
2149,2023,12,Diciembre,Pukara,Alta,Navidad,1,Peruano,546,8.9,100.0,2.8,56.13,Tour organizado
2150,2023,12,Diciembre,Pukara,Alta,Navidad,1,Estadounidense,93,8.9,100.0,3.1,109.44,Transporte propio
2151,2023,12,Diciembre,Pukara,Alta,Navidad,1,Europeo,116,8.9,100.0,3.6,102.39,Tour organizado
2152,2023,12,Diciembre,Pukara,Alta,Navidad,1,Asiático,43,8.9,100.0,3.7,79.3,Transporte propio
2153,2023,12,Diciembre,Pukara,Alta,Navidad,1,Latinoamericano,66,8.9,100.0,3.3,50.12,Tour organizado
2154,2023,12,Diciembre,Pukara,Alta,Navidad,1,Otro,50,8.9,100.0,3.3,64.55,Transporte propio
2155,2023,12,Diciembre,Aramu Muru,Alta,Navidad,1,Peruano,198,8.9,100.0,2.9,49.52,Transporte propio
2156,2023,12,Diciembre,Aramu Muru,Alta,Navidad,1,Estadounidense,42,8.9,100.0,3.0,147.03,Transporte propio
2157,2023,12,Diciembre,Aramu Muru,Alta,Navidad,1,Europeo,58,8.9,100.0,3.4,138.57,Tour organizado
2158,2023,12,Diciembre,Aramu Muru,Alta,Navidad,1,Asiático,18,8.9,100.0,3.6,122.25,Transporte propio
2159,2023,12,Diciembre,Aramu Muru,Alta,Navidad,1,Latinoamericano,25,8.9,100.0,3.1,73.63,Transporte público
2160,2023,12,Diciembre,Aramu Muru,Alta,Navidad,1,Otro,18,8.9,100.0,2.8,76.52,Transporte propio
2161,2024,1,Enero,Sillustani,Alta,Ninguna,0,Peruano,506,7.4,132.9,3.4,44.84,Transporte propio
2162,2024,1,Enero,Sillustani,Alta,Ninguna,0,Estadounidense,253,7.4,132.9,3.4,141.13,Tour organizado
2163,2024,1,Enero,Sillustani,Alta,Ninguna,0,Europeo,245,7.4,132.9,3.9,137.83,Transporte propio
2164,2024,1,Enero,Sillustani,Alta,Ninguna,0,Asiático,101,7.4,132.9,3.5,96.92,Transporte público
2165,2024,1,Enero,Sillustani,Alta,Ninguna,0,Latinoamericano,159,7.4,132.9,3.2,48.76,Transporte propio
2166,2024,1,Enero,Sillustani,Alta,Ninguna,0,Otro,66,7.4,132.9,3.8,94.94,Tour organizado
2167,2024,1,Enero,Islas Uros,Alta,Ninguna,0,Peruano,1308,7.4,132.9,3.0,58.34,Lancha turística
2168,2024,1,Enero,Islas Uros,Alta,Ninguna,0,Estadounidense,922,7.4,132.9,3.5,93.62,Lancha turística
2169,2024,1,Enero,Islas Uros,Alta,Ninguna,0,Europeo,1005,7.4,132.9,3.3,133.02,Lancha turística
2170,2024,1,Enero,Islas Uros,Alta,Ninguna,0,Asiático,447,7.4,132.9,3.1,115.14,Lancha turística
2171,2024,1,Enero,Islas Uros,Alta,Ninguna,0,Latinoamericano,437,7.4,132.9,3.8,47.68,Lancha turística
2172,2024,1,Enero,Islas Uros,Alta,Ninguna,0,Otro,206,7.4,132.9,3.7,62.87,Tour organizado
2173,2024,1,Enero,Isla Taquile,Alta,Ninguna,0,Peruano,673,7.4,132.9,3.4,50.44,Tour organizado
2174,2024,1,Enero,Isla Taquile,Alta,Ninguna,0,Estadounidense,391,7.4,132.9,3.5,126.76,Lancha turística
2175,2024,1,Enero,Isla Taquile,Alta,Ninguna,0,Europeo,384,7.4,132.9,3.4,82.21,Lancha turística
2176,2024,1,Enero,Isla Taquile,Alta,Ninguna,0,Asiático,152,7.4,132.9,3.8,90.24,Lancha turística
2177,2024,1,Enero,Isla Taquile,Alta,Ninguna,0,Latinoamericano,187,7.4,132.9,3.1,66.07,Lancha turística
2178,2024,1,Enero,Isla Taquile,Alta,Ninguna,0,Otro,93,7.4,132.9,3.7,77.31,Tour organizado
2179,2024,1,Enero,Cutimbo,Alta,Ninguna,0,Peruano,293,7.4,132.9,2.9,55.29,Tour organizado
2180,2024,1,Enero,Cutimbo,Alta,Ninguna,0,Estadounidense,73,7.4,132.9,2.9,95.55,Transporte público
2181,2024,1,Enero,Cutimbo,Alta,Ninguna,0,Europeo,99,7.4,132.9,3.4,134.81,Transporte propio
2182,2024,1,Enero,Cutimbo,Alta,Ninguna,0,Asiático,34,7.4,132.9,3.2,106.93,Transporte público
2183,2024,1,Enero,Cutimbo,Alta,Ninguna,0,Latinoamericano,54,7.4,132.9,3.0,49.09,Transporte público
2184,2024,1,Enero,Cutimbo,Alta,Ninguna,0,Otro,34,7.4,132.9,2.8,66.17,Tour organizado
2185,2024,1,Enero,Pukara,Alta,Ninguna,0,Peruano,323,7.4,132.9,3.4,46.6,Tour organizado
2186,2024,1,Enero,Pukara,Alta,Ninguna,0,Estadounidense,90,7.4,132.9,3.2,106.55,Transporte público
2187,2024,1,Enero,Pukara,Alta,Ninguna,0,Europeo,114,7.4,132.9,2.9,130.02,Transporte público
2188,2024,1,Enero,Pukara,Alta,Ninguna,0,Asiático,29,7.4,132.9,2.8,70.94,Transporte propio
2189,2024,1,Enero,Pukara,Alta,Ninguna,0,Latinoamericano,43,7.4,132.9,3.0,66.62,Tour organizado
2190,2024,1,Enero,Pukara,Alta,Ninguna,0,Otro,29,7.4,132.9,2.7,99.66,Transporte propio
2191,2024,1,Enero,Aramu Muru,Alta,Ninguna,0,Peruano,162,7.4,132.9,2.7,38.77,Tour organizado
2192,2024,1,Enero,Aramu Muru,Alta,Ninguna,0,Estadounidense,34,7.4,132.9,3.5,87.29,Transporte propio
2193,2024,1,Enero,Aramu Muru,Alta,Ninguna,0,Europeo,35,7.4,132.9,3.0,141.72,Transporte propio
2194,2024,1,Enero,Aramu Muru,Alta,Ninguna,0,Asiático,16,7.4,132.9,3.2,84.42,Transporte público
2195,2024,1,Enero,Aramu Muru,Alta,Ninguna,0,Latinoamericano,24,7.4,132.9,3.7,72.9,Tour organizado
2196,2024,1,Enero,Aramu Muru,Alta,Ninguna,0,Otro,13,7.4,132.9,3.6,80.17,Transporte propio
2197,2024,2,Febrero,Sillustani,Alta,Fiesta de la Candelaria,1,Peruano,763,6.9,131.8,3.0,35.85,Transporte propio
2198,2024,2,Febrero,Sillustani,Alta,Fiesta de la Candelaria,1,Estadounidense,284,6.9,131.8,3.6,152.6,Tour organizado
2199,2024,2,Febrero,Sillustani,Alta,Fiesta de la Candelaria,1,Europeo,482,6.9,131.8,3.8,120.18,Tour organizado
2200,2024,2,Febrero,Sillustani,Alta,Fiesta de la Candelaria,1,Asiático,181,6.9,131.8,3.5,123.06,Transporte público
2201,2024,2,Febrero,Sillustani,Alta,Fiesta de la Candelaria,1,Latinoamericano,241,6.9,131.8,3.9,58.82,Tour organizado
2202,2024,2,Febrero,Sillustani,Alta,Fiesta de la Candelaria,1,Otro,88,6.9,131.8,3.4,97.09,Transporte propio
2203,2024,2,Febrero,Islas Uros,Alta,Fiesta de la Candelaria,1,Peruano,1677,6.9,131.8,3.7,37.96,Tour organizado
2204,2024,2,Febrero,Islas Uros,Alta,Fiesta de la Candelaria,1,Estadounidense,1074,6.9,131.8,4.0,124.82,Lancha turística
2205,2024,2,Febrero,Islas Uros,Alta,Fiesta de la Candelaria,1,Europeo,1081,6.9,131.8,3.0,127.58,Lancha turística
2206,2024,2,Febrero,Islas Uros,Alta,Fiesta de la Candelaria,1,Asiático,525,6.9,131.8,4.0,111.04,Lancha turística
2207,2024,2,Febrero,Islas Uros,Alta,Fiesta de la Candelaria,1,Latinoamericano,515,6.9,131.8,3.5,52.12,Lancha turística
2208,2024,2,Febrero,Islas Uros,Alta,Fiesta de la Candelaria,1,Otro,222,6.9,131.8,3.3,73.44,Lancha turística
2209,2024,2,Febrero,Isla Taquile,Alta,Fiesta de la Candelaria,1,Peruano,813,6.9,131.8,3.5,58.13,Lancha turística
2210,2024,2,Febrero,Isla Taquile,Alta,Fiesta de la Candelaria,1,Estadounidense,552,6.9,131.8,3.4,150.54,Lancha turística
2211,2024,2,Febrero,Isla Taquile,Alta,Fiesta de la Candelaria,1,Europeo,743,6.9,131.8,3.5,100.99,Lancha turística
2212,2024,2,Febrero,Isla Taquile,Alta,Fiesta de la Candelaria,1,Asiático,240,6.9,131.8,3.9,118.78,Lancha turística
2213,2024,2,Febrero,Isla Taquile,Alta,Fiesta de la Candelaria,1,Latinoamericano,244,6.9,131.8,3.5,69.86,Lancha turística
2214,2024,2,Febrero,Isla Taquile,Alta,Fiesta de la Candelaria,1,Otro,118,6.9,131.8,3.7,80.29,Lancha turística
2215,2024,2,Febrero,Cutimbo,Alta,Fiesta de la Candelaria,1,Peruano,525,6.9,131.8,2.7,57.89,Tour organizado
2216,2024,2,Febrero,Cutimbo,Alta,Fiesta de la Candelaria,1,Estadounidense,104,6.9,131.8,2.9,143.13,Tour organizado
2217,2024,2,Febrero,Cutimbo,Alta,Fiesta de la Candelaria,1,Europeo,103,6.9,131.8,2.8,101.8,Transporte público
2218,2024,2,Febrero,Cutimbo,Alta,Fiesta de la Candelaria,1,Asiático,45,6.9,131.8,2.9,116.33,Tour organizado
2219,2024,2,Febrero,Cutimbo,Alta,Fiesta de la Candelaria,1,Latinoamericano,59,6.9,131.8,3.2,66.37,Transporte público
2220,2024,2,Febrero,Cutimbo,Alta,Fiesta de la Candelaria,1,Otro,33,6.9,131.8,2.9,61.2,Transporte público
2221,2024,2,Febrero,Pukara,Alta,Fiesta de la Candelaria,1,Peruano,499,6.9,131.8,3.0,40.07,Transporte público
2222,2024,2,Febrero,Pukara,Alta,Fiesta de la Candelaria,1,Estadounidense,109,6.9,131.8,3.4,92.23,Transporte público
2223,2024,2,Febrero,Pukara,Alta,Fiesta de la Candelaria,1,Europeo,126,6.9,131.8,2.9,108.02,Transporte propio
2224,2024,2,Febrero,Pukara,Alta,Fiesta de la Candelaria,1,Asiático,47,6.9,131.8,2.7,100.76,Transporte público
2225,2024,2,Febrero,Pukara,Alta,Fiesta de la Candelaria,1,Latinoamericano,68,6.9,131.8,3.5,76.29,Transporte público
2226,2024,2,Febrero,Pukara,Alta,Fiesta de la Candelaria,1,Otro,45,6.9,131.8,2.9,57.1,Transporte público
2227,2024,2,Febrero,Aramu Muru,Alta,Fiesta de la Candelaria,1,Peruano,193,6.9,131.8,2.8,33.37,Transporte público
2228,2024,2,Febrero,Aramu Muru,Alta,Fiesta de la Candelaria,1,Estadounidense,33,6.9,131.8,3.6,116.5,Transporte público
2229,2024,2,Febrero,Aramu Muru,Alta,Fiesta de la Candelaria,1,Europeo,50,6.9,131.8,3.4,94.12,Tour organizado
2230,2024,2,Febrero,Aramu Muru,Alta,Fiesta de la Candelaria,1,Asiático,13,6.9,131.8,3.6,86.0,Transporte propio
2231,2024,2,Febrero,Aramu Muru,Alta,Fiesta de la Candelaria,1,Latinoamericano,23,6.9,131.8,3.0,61.84,Transporte público
2232,2024,2,Febrero,Aramu Muru,Alta,Fiesta de la Candelaria,1,Otro,16,6.9,131.8,3.5,102.35,Transporte público
2233,2024,3,Marzo,Sillustani,Media,Ninguna,0,Peruano,250,7.6,117.7,4.0,47.62,Tour organizado
2234,2024,3,Marzo,Sillustani,Media,Ninguna,0,Estadounidense,174,7.6,117.7,3.8,94.41,Tour organizado
2235,2024,3,Marzo,Sillustani,Media,Ninguna,0,Europeo,157,7.6,117.7,4.1,138.63,Transporte propio
2236,2024,3,Marzo,Sillustani,Media,Ninguna,0,Asiático,81,7.6,117.7,3.3,121.79,Transporte propio
2237,2024,3,Marzo,Sillustani,Media,Ninguna,0,Latinoamericano,96,7.6,117.7,3.9,84.04,Tour organizado
2238,2024,3,Marzo,Sillustani,Media,Ninguna,0,Otro,46,7.6,117.7,3.8,83.76,Tour organizado
2239,2024,3,Marzo,Islas Uros,Media,Ninguna,0,Peruano,940,7.6,117.7,3.6,46.24,Lancha turística
2240,2024,3,Marzo,Islas Uros,Media,Ninguna,0,Estadounidense,547,7.6,117.7,3.4,99.1,Lancha turística
2241,2024,3,Marzo,Islas Uros,Media,Ninguna,0,Europeo,782,7.6,117.7,3.8,77.95,Lancha turística
2242,2024,3,Marzo,Islas Uros,Media,Ninguna,0,Asiático,212,7.6,117.7,4.1,95.12,Lancha turística
2243,2024,3,Marzo,Islas Uros,Media,Ninguna,0,Latinoamericano,284,7.6,117.7,3.8,63.28,Lancha turística
2244,2024,3,Marzo,Islas Uros,Media,Ninguna,0,Otro,123,7.6,117.7,4.0,76.44,Lancha turística
2245,2024,3,Marzo,Isla Taquile,Media,Ninguna,0,Peruano,318,7.6,117.7,3.6,36.28,Tour organizado
2246,2024,3,Marzo,Isla Taquile,Media,Ninguna,0,Estadounidense,210,7.6,117.7,3.6,104.52,Tour organizado
2247,2024,3,Marzo,Isla Taquile,Media,Ninguna,0,Europeo,327,7.6,117.7,3.6,95.69,Tour organizado
2248,2024,3,Marzo,Isla Taquile,Media,Ninguna,0,Asiático,143,7.6,117.7,4.1,72.16,Lancha turística
2249,2024,3,Marzo,Isla Taquile,Media,Ninguna,0,Latinoamericano,136,7.6,117.7,3.3,70.84,Tour organizado
2250,2024,3,Marzo,Isla Taquile,Media,Ninguna,0,Otro,71,7.6,117.7,3.3,92.0,Tour organizado
2251,2024,3,Marzo,Cutimbo,Media,Ninguna,0,Peruano,179,7.6,117.7,3.3,47.19,Tour organizado
2252,2024,3,Marzo,Cutimbo,Media,Ninguna,0,Estadounidense,49,7.6,117.7,3.8,99.25,Transporte público
2253,2024,3,Marzo,Cutimbo,Media,Ninguna,0,Europeo,59,7.6,117.7,3.0,133.52,Tour organizado
2254,2024,3,Marzo,Cutimbo,Media,Ninguna,0,Asiático,18,7.6,117.7,3.7,92.94,Transporte público
2255,2024,3,Marzo,Cutimbo,Media,Ninguna,0,Latinoamericano,24,7.6,117.7,3.3,54.23,Transporte propio
2256,2024,3,Marzo,Cutimbo,Media,Ninguna,0,Otro,17,7.6,117.7,3.6,70.76,Transporte público
2257,2024,3,Marzo,Pukara,Media,Ninguna,0,Peruano,212,7.6,117.7,3.8,32.38,Tour organizado
2258,2024,3,Marzo,Pukara,Media,Ninguna,0,Estadounidense,49,7.6,117.7,3.3,142.8,Transporte propio
2259,2024,3,Marzo,Pukara,Media,Ninguna,0,Europeo,67,7.6,117.7,3.9,142.53,Transporte propio
2260,2024,3,Marzo,Pukara,Media,Ninguna,0,Asiático,24,7.6,117.7,3.3,101.63,Transporte público
2261,2024,3,Marzo,Pukara,Media,Ninguna,0,Latinoamericano,43,7.6,117.7,3.7,68.04,Transporte propio
2262,2024,3,Marzo,Pukara,Media,Ninguna,0,Otro,28,7.6,117.7,3.3,90.95,Transporte público
2263,2024,3,Marzo,Aramu Muru,Media,Ninguna,0,Peruano,106,7.6,117.7,3.3,34.19,Transporte propio
2264,2024,3,Marzo,Aramu Muru,Media,Ninguna,0,Estadounidense,23,7.6,117.7,3.5,140.47,Transporte propio
2265,2024,3,Marzo,Aramu Muru,Media,Ninguna,0,Europeo,32,7.6,117.7,3.1,98.28,Tour organizado
2266,2024,3,Marzo,Aramu Muru,Media,Ninguna,0,Asiático,8,7.6,117.7,3.3,102.35,Transporte propio
2267,2024,3,Marzo,Aramu Muru,Media,Ninguna,0,Latinoamericano,12,7.6,117.7,3.6,81.4,Tour organizado
2268,2024,3,Marzo,Aramu Muru,Media,Ninguna,0,Otro,9,7.6,117.7,2.9,91.24,Transporte público
2269,2024,4,Abril,Sillustani,Media,Semana Santa,1,Peruano,402,6.9,56.1,3.7,36.73,Tour organizado
2270,2024,4,Abril,Sillustani,Media,Semana Santa,1,Estadounidense,212,6.9,56.1,4.3,111.22,Tour organizado
2271,2024,4,Abril,Sillustani,Media,Semana Santa,1,Europeo,253,6.9,56.1,3.8,138.71,Tour organizado
2272,2024,4,Abril,Sillustani,Media,Semana Santa,1,Asiático,91,6.9,56.1,4.1,72.39,Transporte propio
2273,2024,4,Abril,Sillustani,Media,Semana Santa,1,Latinoamericano,152,6.9,56.1,3.6,51.03,Tour organizado
2274,2024,4,Abril,Sillustani,Media,Semana Santa,1,Otro,62,6.9,56.1,3.6,79.72,Tour organizado
2275,2024,4,Abril,Islas Uros,Media,Semana Santa,1,Peruano,1112,6.9,56.1,3.6,52.98,Lancha turística
2276,2024,4,Abril,Islas Uros,Media,Semana Santa,1,Estadounidense,696,6.9,56.1,4.5,89.49,Tour organizado
2277,2024,4,Abril,Islas Uros,Media,Semana Santa,1,Europeo,1016,6.9,56.1,4.4,118.81,Lancha turística
2278,2024,4,Abril,Islas Uros,Media,Semana Santa,1,Asiático,471,6.9,56.1,3.7,67.08,Lancha turística
2279,2024,4,Abril,Islas Uros,Media,Semana Santa,1,Latinoamericano,446,6.9,56.1,4.1,78.84,Lancha turística
2280,2024,4,Abril,Islas Uros,Media,Semana Santa,1,Otro,249,6.9,56.1,4.5,79.23,Tour organizado
2281,2024,4,Abril,Isla Taquile,Media,Semana Santa,1,Peruano,444,6.9,56.1,4.0,38.37,Lancha turística
2282,2024,4,Abril,Isla Taquile,Media,Semana Santa,1,Estadounidense,324,6.9,56.1,3.5,85.66,Tour organizado
2283,2024,4,Abril,Isla Taquile,Media,Semana Santa,1,Europeo,509,6.9,56.1,3.7,101.08,Lancha turística
2284,2024,4,Abril,Isla Taquile,Media,Semana Santa,1,Asiático,149,6.9,56.1,3.6,71.26,Tour organizado
2285,2024,4,Abril,Isla Taquile,Media,Semana Santa,1,Latinoamericano,217,6.9,56.1,3.8,64.28,Lancha turística
2286,2024,4,Abril,Isla Taquile,Media,Semana Santa,1,Otro,86,6.9,56.1,4.1,70.13,Tour organizado
2287,2024,4,Abril,Cutimbo,Media,Semana Santa,1,Peruano,262,6.9,56.1,4.1,56.4,Transporte propio
2288,2024,4,Abril,Cutimbo,Media,Semana Santa,1,Estadounidense,51,6.9,56.1,3.9,147.89,Transporte propio
2289,2024,4,Abril,Cutimbo,Media,Semana Santa,1,Europeo,87,6.9,56.1,3.3,129.35,Transporte propio
2290,2024,4,Abril,Cutimbo,Media,Semana Santa,1,Asiático,21,6.9,56.1,3.4,107.66,Transporte público
2291,2024,4,Abril,Cutimbo,Media,Semana Santa,1,Latinoamericano,45,6.9,56.1,3.6,74.64,Transporte propio
2292,2024,4,Abril,Cutimbo,Media,Semana Santa,1,Otro,25,6.9,56.1,3.8,76.61,Transporte propio
2293,2024,4,Abril,Pukara,Media,Semana Santa,1,Peruano,333,6.9,56.1,3.3,36.02,Tour organizado
2294,2024,4,Abril,Pukara,Media,Semana Santa,1,Estadounidense,81,6.9,56.1,3.5,113.51,Transporte propio
2295,2024,4,Abril,Pukara,Media,Semana Santa,1,Europeo,82,6.9,56.1,3.3,130.4,Transporte público
2296,2024,4,Abril,Pukara,Media,Semana Santa,1,Asiático,32,6.9,56.1,3.6,70.64,Transporte propio
2297,2024,4,Abril,Pukara,Media,Semana Santa,1,Latinoamericano,43,6.9,56.1,4.0,50.27,Transporte propio
2298,2024,4,Abril,Pukara,Media,Semana Santa,1,Otro,30,6.9,56.1,3.9,66.26,Transporte propio
2299,2024,4,Abril,Aramu Muru,Media,Semana Santa,1,Peruano,141,6.9,56.1,3.6,47.75,Transporte propio
2300,2024,4,Abril,Aramu Muru,Media,Semana Santa,1,Estadounidense,25,6.9,56.1,3.5,127.77,Tour organizado
2301,2024,4,Abril,Aramu Muru,Media,Semana Santa,1,Europeo,38,6.9,56.1,3.8,122.02,Transporte público
2302,2024,4,Abril,Aramu Muru,Media,Semana Santa,1,Asiático,11,6.9,56.1,3.5,77.74,Transporte público
2303,2024,4,Abril,Aramu Muru,Media,Semana Santa,1,Latinoamericano,20,6.9,56.1,4.2,61.93,Tour organizado
2304,2024,4,Abril,Aramu Muru,Media,Semana Santa,1,Otro,12,6.9,56.1,3.8,84.38,Transporte propio
2305,2024,5,Mayo,Sillustani,Baja,Ninguna,0,Peruano,229,3.7,1.4,4.5,56.11,Tour organizado
2306,2024,5,Mayo,Sillustani,Baja,Ninguna,0,Estadounidense,88,3.7,1.4,4.5,86.66,Transporte público
2307,2024,5,Mayo,Sillustani,Baja,Ninguna,0,Europeo,147,3.7,1.4,3.5,119.56,Tour organizado
2308,2024,5,Mayo,Sillustani,Baja,Ninguna,0,Asiático,45,3.7,1.4,4.3,90.16,Tour organizado
2309,2024,5,Mayo,Sillustani,Baja,Ninguna,0,Latinoamericano,62,3.7,1.4,4.3,61.11,Transporte público
2310,2024,5,Mayo,Sillustani,Baja,Ninguna,0,Otro,31,3.7,1.4,4.0,58.26,Tour organizado
2311,2024,5,Mayo,Islas Uros,Baja,Ninguna,0,Peruano,537,3.7,1.4,4.3,57.61,Lancha turística
2312,2024,5,Mayo,Islas Uros,Baja,Ninguna,0,Estadounidense,415,3.7,1.4,4.4,91.4,Lancha turística
2313,2024,5,Mayo,Islas Uros,Baja,Ninguna,0,Europeo,373,3.7,1.4,3.5,83.94,Lancha turística
2314,2024,5,Mayo,Islas Uros,Baja,Ninguna,0,Asiático,208,3.7,1.4,4.2,79.4,Lancha turística
2315,2024,5,Mayo,Islas Uros,Baja,Ninguna,0,Latinoamericano,160,3.7,1.4,4.4,59.89,Tour organizado
2316,2024,5,Mayo,Islas Uros,Baja,Ninguna,0,Otro,109,3.7,1.4,4.4,97.66,Lancha turística
2317,2024,5,Mayo,Isla Taquile,Baja,Ninguna,0,Peruano,226,3.7,1.4,3.5,39.72,Lancha turística
2318,2024,5,Mayo,Isla Taquile,Baja,Ninguna,0,Estadounidense,171,3.7,1.4,4.1,142.5,Lancha turística
2319,2024,5,Mayo,Isla Taquile,Baja,Ninguna,0,Europeo,249,3.7,1.4,4.4,115.51,Lancha turística
2320,2024,5,Mayo,Isla Taquile,Baja,Ninguna,0,Asiático,78,3.7,1.4,4.4,109.42,Lancha turística
2321,2024,5,Mayo,Isla Taquile,Baja,Ninguna,0,Latinoamericano,97,3.7,1.4,4.2,65.85,Lancha turística
2322,2024,5,Mayo,Isla Taquile,Baja,Ninguna,0,Otro,47,3.7,1.4,4.2,102.86,Lancha turística
2323,2024,5,Mayo,Cutimbo,Baja,Ninguna,0,Peruano,121,3.7,1.4,3.3,52.19,Tour organizado
2324,2024,5,Mayo,Cutimbo,Baja,Ninguna,0,Estadounidense,25,3.7,1.4,4.0,101.45,Transporte propio
2325,2024,5,Mayo,Cutimbo,Baja,Ninguna,0,Europeo,36,3.7,1.4,3.3,109.64,Transporte propio
2326,2024,5,Mayo,Cutimbo,Baja,Ninguna,0,Asiático,8,3.7,1.4,3.4,113.16,Transporte propio
2327,2024,5,Mayo,Cutimbo,Baja,Ninguna,0,Latinoamericano,17,3.7,1.4,3.5,77.25,Transporte propio
2328,2024,5,Mayo,Cutimbo,Baja,Ninguna,0,Otro,12,3.7,1.4,3.5,77.79,Transporte propio
2329,2024,5,Mayo,Pukara,Baja,Ninguna,0,Peruano,140,3.7,1.4,3.3,56.25,Transporte público
2330,2024,5,Mayo,Pukara,Baja,Ninguna,0,Estadounidense,43,3.7,1.4,4.1,120.97,Transporte público
2331,2024,5,Mayo,Pukara,Baja,Ninguna,0,Europeo,39,3.7,1.4,3.5,87.84,Transporte propio
2332,2024,5,Mayo,Pukara,Baja,Ninguna,0,Asiático,17,3.7,1.4,3.8,72.32,Transporte público
2333,2024,5,Mayo,Pukara,Baja,Ninguna,0,Latinoamericano,27,3.7,1.4,3.9,54.88,Transporte público
2334,2024,5,Mayo,Pukara,Baja,Ninguna,0,Otro,13,3.7,1.4,3.2,87.77,Transporte público
2335,2024,5,Mayo,Aramu Muru,Baja,Ninguna,0,Peruano,45,3.7,1.4,3.8,41.07,Transporte propio
2336,2024,5,Mayo,Aramu Muru,Baja,Ninguna,0,Estadounidense,10,3.7,1.4,3.7,120.57,Tour organizado
2337,2024,5,Mayo,Aramu Muru,Baja,Ninguna,0,Europeo,14,3.7,1.4,3.6,80.24,Transporte público
2338,2024,5,Mayo,Aramu Muru,Baja,Ninguna,0,Asiático,5,3.7,1.4,3.6,83.26,Transporte público
2339,2024,5,Mayo,Aramu Muru,Baja,Ninguna,0,Latinoamericano,6,3.7,1.4,3.5,69.19,Transporte público
2340,2024,5,Mayo,Aramu Muru,Baja,Ninguna,0,Otro,4,3.7,1.4,3.2,67.95,Tour organizado
2341,2024,6,Junio,Sillustani,Baja,Inti Raymi,1,Peruano,195,0.7,0,3.6,34.23,Tour organizado
2342,2024,6,Junio,Sillustani,Baja,Inti Raymi,1,Estadounidense,128,0.7,0,4.2,113.13,Transporte propio
2343,2024,6,Junio,Sillustani,Baja,Inti Raymi,1,Europeo,114,0.7,0,4.2,135.05,Tour organizado
2344,2024,6,Junio,Sillustani,Baja,Inti Raymi,1,Asiático,49,0.7,0,3.7,78.1,Tour organizado
2345,2024,6,Junio,Sillustani,Baja,Inti Raymi,1,Latinoamericano,80,0.7,0,3.8,45.62,Tour organizado
2346,2024,6,Junio,Sillustani,Baja,Inti Raymi,1,Otro,30,0.7,0,4.2,78.88,Tour organizado
2347,2024,6,Junio,Islas Uros,Baja,Inti Raymi,1,Peruano,799,0.7,0,3.7,49.9,Lancha turística
2348,2024,6,Junio,Islas Uros,Baja,Inti Raymi,1,Estadounidense,433,0.7,0,4.4,94.21,Lancha turística
2349,2024,6,Junio,Islas Uros,Baja,Inti Raymi,1,Europeo,660,0.7,0,3.9,78.37,Lancha turística
2350,2024,6,Junio,Islas Uros,Baja,Inti Raymi,1,Asiático,285,0.7,0,3.7,109.83,Lancha turística
2351,2024,6,Junio,Islas Uros,Baja,Inti Raymi,1,Latinoamericano,257,0.7,0,4.5,68.24,Lancha turística
2352,2024,6,Junio,Islas Uros,Baja,Inti Raymi,1,Otro,142,0.7,0,4.0,58.17,Lancha turística
2353,2024,6,Junio,Isla Taquile,Baja,Inti Raymi,1,Peruano,394,0.7,0,4.3,45.68,Lancha turística
2354,2024,6,Junio,Isla Taquile,Baja,Inti Raymi,1,Estadounidense,241,0.7,0,4.3,91.2,Tour organizado
2355,2024,6,Junio,Isla Taquile,Baja,Inti Raymi,1,Europeo,256,0.7,0,4.0,100.15,Tour organizado
2356,2024,6,Junio,Isla Taquile,Baja,Inti Raymi,1,Asiático,99,0.7,0,4.0,87.26,Lancha turística
2357,2024,6,Junio,Isla Taquile,Baja,Inti Raymi,1,Latinoamericano,124,0.7,0,3.8,58.52,Tour organizado
2358,2024,6,Junio,Isla Taquile,Baja,Inti Raymi,1,Otro,60,0.7,0,4.4,99.3,Tour organizado
2359,2024,6,Junio,Cutimbo,Baja,Inti Raymi,1,Peruano,133,0.7,0,3.7,48.77,Transporte propio
2360,2024,6,Junio,Cutimbo,Baja,Inti Raymi,1,Estadounidense,38,0.7,0,4.1,131.47,Transporte propio
2361,2024,6,Junio,Cutimbo,Baja,Inti Raymi,1,Europeo,37,0.7,0,3.2,115.12,Transporte público
2362,2024,6,Junio,Cutimbo,Baja,Inti Raymi,1,Asiático,12,0.7,0,3.9,77.55,Transporte público
2363,2024,6,Junio,Cutimbo,Baja,Inti Raymi,1,Latinoamericano,22,0.7,0,4.2,79.71,Transporte público
2364,2024,6,Junio,Cutimbo,Baja,Inti Raymi,1,Otro,15,0.7,0,4.1,64.4,Transporte propio
2365,2024,6,Junio,Pukara,Baja,Inti Raymi,1,Peruano,210,0.7,0,3.6,58.34,Transporte propio
2366,2024,6,Junio,Pukara,Baja,Inti Raymi,1,Estadounidense,42,0.7,0,3.8,134.53,Tour organizado
2367,2024,6,Junio,Pukara,Baja,Inti Raymi,1,Europeo,58,0.7,0,3.7,140.9,Transporte propio
2368,2024,6,Junio,Pukara,Baja,Inti Raymi,1,Asiático,18,0.7,0,4.2,94.94,Transporte propio
2369,2024,6,Junio,Pukara,Baja,Inti Raymi,1,Latinoamericano,31,0.7,0,3.4,83.2,Transporte propio
2370,2024,6,Junio,Pukara,Baja,Inti Raymi,1,Otro,18,0.7,0,3.5,94.39,Tour organizado
2371,2024,6,Junio,Aramu Muru,Baja,Inti Raymi,1,Peruano,64,0.7,0,4.0,34.83,Transporte público
2372,2024,6,Junio,Aramu Muru,Baja,Inti Raymi,1,Estadounidense,14,0.7,0,3.6,131.54,Tour organizado
2373,2024,6,Junio,Aramu Muru,Baja,Inti Raymi,1,Europeo,16,0.7,0,3.3,135.0,Transporte propio
2374,2024,6,Junio,Aramu Muru,Baja,Inti Raymi,1,Asiático,7,0.7,0,3.9,74.63,Transporte propio
2375,2024,6,Junio,Aramu Muru,Baja,Inti Raymi,1,Latinoamericano,10,0.7,0,4.1,56.84,Tour organizado
2376,2024,6,Junio,Aramu Muru,Baja,Inti Raymi,1,Otro,6,0.7,0,3.6,94.96,Transporte público
2377,2024,7,Julio,Sillustani,Alta,Fiestas Patrias,1,Peruano,532,0.8,21.7,3.6,39.89,Transporte público
2378,2024,7,Julio,Sillustani,Alta,Fiestas Patrias,1,Estadounidense,294,0.8,21.7,4.2,141.92,Tour organizado
2379,2024,7,Julio,Sillustani,Alta,Fiestas Patrias,1,Europeo,397,0.8,21.7,3.5,85.96,Transporte público
2380,2024,7,Julio,Sillustani,Alta,Fiestas Patrias,1,Asiático,118,0.8,21.7,3.6,83.45,Transporte propio
2381,2024,7,Julio,Sillustani,Alta,Fiestas Patrias,1,Latinoamericano,205,0.8,21.7,3.7,79.66,Transporte propio
2382,2024,7,Julio,Sillustani,Alta,Fiestas Patrias,1,Otro,70,0.8,21.7,3.8,89.32,Transporte público
2383,2024,7,Julio,Islas Uros,Alta,Fiestas Patrias,1,Peruano,2200,0.8,21.7,3.8,43.05,Lancha turística
2384,2024,7,Julio,Islas Uros,Alta,Fiestas Patrias,1,Estadounidense,1601,0.8,21.7,3.8,149.7,Lancha turística
2385,2024,7,Julio,Islas Uros,Alta,Fiestas Patrias,1,Europeo,1999,0.8,21.7,3.7,126.89,Tour organizado
2386,2024,7,Julio,Islas Uros,Alta,Fiestas Patrias,1,Asiático,786,0.8,21.7,4.1,99.58,Lancha turística
2387,2024,7,Julio,Islas Uros,Alta,Fiestas Patrias,1,Latinoamericano,575,0.8,21.7,3.8,67.56,Lancha turística
2388,2024,7,Julio,Islas Uros,Alta,Fiestas Patrias,1,Otro,277,0.8,21.7,4.1,62.04,Tour organizado
2389,2024,7,Julio,Isla Taquile,Alta,Fiestas Patrias,1,Peruano,823,0.8,21.7,4.2,43.93,Lancha turística
2390,2024,7,Julio,Isla Taquile,Alta,Fiestas Patrias,1,Estadounidense,407,0.8,21.7,3.6,155.0,Lancha turística
2391,2024,7,Julio,Isla Taquile,Alta,Fiestas Patrias,1,Europeo,570,0.8,21.7,3.4,96.18,Lancha turística
2392,2024,7,Julio,Isla Taquile,Alta,Fiestas Patrias,1,Asiático,263,0.8,21.7,4.2,73.42,Tour organizado
2393,2024,7,Julio,Isla Taquile,Alta,Fiestas Patrias,1,Latinoamericano,261,0.8,21.7,4.0,47.57,Lancha turística
2394,2024,7,Julio,Isla Taquile,Alta,Fiestas Patrias,1,Otro,122,0.8,21.7,3.9,102.43,Lancha turística
2395,2024,7,Julio,Cutimbo,Alta,Fiestas Patrias,1,Peruano,387,0.8,21.7,3.9,39.62,Transporte propio
2396,2024,7,Julio,Cutimbo,Alta,Fiestas Patrias,1,Estadounidense,85,0.8,21.7,3.9,142.0,Transporte propio
2397,2024,7,Julio,Cutimbo,Alta,Fiestas Patrias,1,Europeo,83,0.8,21.7,3.0,116.85,Tour organizado
2398,2024,7,Julio,Cutimbo,Alta,Fiestas Patrias,1,Asiático,33,0.8,21.7,3.2,72.41,Tour organizado
2399,2024,7,Julio,Cutimbo,Alta,Fiestas Patrias,1,Latinoamericano,59,0.8,21.7,3.4,47.67,Tour organizado
2400,2024,7,Julio,Cutimbo,Alta,Fiestas Patrias,1,Otro,30,0.8,21.7,3.5,64.83,Transporte propio
2401,2024,7,Julio,Pukara,Alta,Fiestas Patrias,1,Peruano,590,0.8,21.7,3.8,49.9,Tour organizado
2402,2024,7,Julio,Pukara,Alta,Fiestas Patrias,1,Estadounidense,123,0.8,21.7,3.6,97.31,Transporte propio
2403,2024,7,Julio,Pukara,Alta,Fiestas Patrias,1,Europeo,137,0.8,21.7,3.7,113.08,Transporte público
2404,2024,7,Julio,Pukara,Alta,Fiestas Patrias,1,Asiático,52,0.8,21.7,3.3,72.2,Transporte público
2405,2024,7,Julio,Pukara,Alta,Fiestas Patrias,1,Latinoamericano,79,0.8,21.7,3.3,60.55,Tour organizado
2406,2024,7,Julio,Pukara,Alta,Fiestas Patrias,1,Otro,51,0.8,21.7,3.8,63.11,Transporte propio
2407,2024,7,Julio,Aramu Muru,Alta,Fiestas Patrias,1,Peruano,199,0.8,21.7,3.0,39.67,Transporte público
2408,2024,7,Julio,Aramu Muru,Alta,Fiestas Patrias,1,Estadounidense,34,0.8,21.7,3.9,153.32,Transporte público
2409,2024,7,Julio,Aramu Muru,Alta,Fiestas Patrias,1,Europeo,61,0.8,21.7,3.5,77.6,Transporte propio
2410,2024,7,Julio,Aramu Muru,Alta,Fiestas Patrias,1,Asiático,16,0.8,21.7,3.9,95.18,Transporte propio
2411,2024,7,Julio,Aramu Muru,Alta,Fiestas Patrias,1,Latinoamericano,32,0.8,21.7,3.5,65.51,Transporte propio
2412,2024,7,Julio,Aramu Muru,Alta,Fiestas Patrias,1,Otro,18,0.8,21.7,3.4,90.52,Transporte propio
2413,2024,8,Agosto,Sillustani,Alta,Ninguna,0,Peruano,511,2.9,22.3,4.0,56.43,Tour organizado
2414,2024,8,Agosto,Sillustani,Alta,Ninguna,0,Estadounidense,275,2.9,22.3,3.9,111.11,Transporte propio
2415,2024,8,Agosto,Sillustani,Alta,Ninguna,0,Europeo,301,2.9,22.3,3.5,123.76,Transporte público
2416,2024,8,Agosto,Sillustani,Alta,Ninguna,0,Asiático,116,2.9,22.3,3.8,73.88,Tour organizado
2417,2024,8,Agosto,Sillustani,Alta,Ninguna,0,Latinoamericano,163,2.9,22.3,3.9,68.3,Transporte propio
2418,2024,8,Agosto,Sillustani,Alta,Ninguna,0,Otro,54,2.9,22.3,3.3,91.18,Tour organizado
2419,2024,8,Agosto,Islas Uros,Alta,Ninguna,0,Peruano,1021,2.9,22.3,4.2,44.36,Lancha turística
2420,2024,8,Agosto,Islas Uros,Alta,Ninguna,0,Estadounidense,964,2.9,22.3,4.1,136.75,Lancha turística
2421,2024,8,Agosto,Islas Uros,Alta,Ninguna,0,Europeo,851,2.9,22.3,4.2,125.06,Lancha turística
2422,2024,8,Agosto,Islas Uros,Alta,Ninguna,0,Asiático,445,2.9,22.3,3.7,70.17,Tour organizado
2423,2024,8,Agosto,Islas Uros,Alta,Ninguna,0,Latinoamericano,363,2.9,22.3,3.3,74.75,Lancha turística
2424,2024,8,Agosto,Islas Uros,Alta,Ninguna,0,Otro,223,2.9,22.3,3.9,96.35,Lancha turística
2425,2024,8,Agosto,Isla Taquile,Alta,Ninguna,0,Peruano,676,2.9,22.3,3.7,58.2,Tour organizado
2426,2024,8,Agosto,Isla Taquile,Alta,Ninguna,0,Estadounidense,427,2.9,22.3,3.5,119.36,Tour organizado
2427,2024,8,Agosto,Isla Taquile,Alta,Ninguna,0,Europeo,477,2.9,22.3,3.5,87.7,Tour organizado
2428,2024,8,Agosto,Isla Taquile,Alta,Ninguna,0,Asiático,234,2.9,22.3,3.5,99.68,Tour organizado
2429,2024,8,Agosto,Isla Taquile,Alta,Ninguna,0,Latinoamericano,247,2.9,22.3,3.4,46.8,Lancha turística
2430,2024,8,Agosto,Isla Taquile,Alta,Ninguna,0,Otro,120,2.9,22.3,3.7,75.59,Tour organizado
2431,2024,8,Agosto,Cutimbo,Alta,Ninguna,0,Peruano,315,2.9,22.3,3.7,57.36,Transporte público
2432,2024,8,Agosto,Cutimbo,Alta,Ninguna,0,Estadounidense,64,2.9,22.3,3.2,143.59,Transporte propio
2433,2024,8,Agosto,Cutimbo,Alta,Ninguna,0,Europeo,86,2.9,22.3,3.9,133.33,Tour organizado
2434,2024,8,Agosto,Cutimbo,Alta,Ninguna,0,Asiático,29,2.9,22.3,3.6,116.32,Tour organizado
2435,2024,8,Agosto,Cutimbo,Alta,Ninguna,0,Latinoamericano,41,2.9,22.3,3.5,49.44,Transporte público
2436,2024,8,Agosto,Cutimbo,Alta,Ninguna,0,Otro,27,2.9,22.3,3.6,71.88,Transporte propio
2437,2024,8,Agosto,Pukara,Alta,Ninguna,0,Peruano,406,2.9,22.3,3.8,42.04,Transporte propio
2438,2024,8,Agosto,Pukara,Alta,Ninguna,0,Estadounidense,80,2.9,22.3,3.9,153.7,Tour organizado
2439,2024,8,Agosto,Pukara,Alta,Ninguna,0,Europeo,122,2.9,22.3,3.2,111.17,Transporte propio
2440,2024,8,Agosto,Pukara,Alta,Ninguna,0,Asiático,38,2.9,22.3,3.1,106.26,Tour organizado
2441,2024,8,Agosto,Pukara,Alta,Ninguna,0,Latinoamericano,66,2.9,22.3,3.9,83.91,Tour organizado
2442,2024,8,Agosto,Pukara,Alta,Ninguna,0,Otro,32,2.9,22.3,3.4,65.62,Tour organizado
2443,2024,8,Agosto,Aramu Muru,Alta,Ninguna,0,Peruano,137,2.9,22.3,3.7,56.45,Tour organizado
2444,2024,8,Agosto,Aramu Muru,Alta,Ninguna,0,Estadounidense,26,2.9,22.3,3.1,152.26,Tour organizado
2445,2024,8,Agosto,Aramu Muru,Alta,Ninguna,0,Europeo,34,2.9,22.3,3.1,104.47,Tour organizado
2446,2024,8,Agosto,Aramu Muru,Alta,Ninguna,0,Asiático,14,2.9,22.3,3.5,73.88,Tour organizado
2447,2024,8,Agosto,Aramu Muru,Alta,Ninguna,0,Latinoamericano,16,2.9,22.3,3.5,54.28,Transporte propio
2448,2024,8,Agosto,Aramu Muru,Alta,Ninguna,0,Otro,11,2.9,22.3,3.3,96.79,Transporte propio
2449,2024,9,Septiembre,Sillustani,Media,Ninguna,0,Peruano,391,4.1,7.2,4.0,54.73,Tour organizado
2450,2024,9,Septiembre,Sillustani,Media,Ninguna,0,Estadounidense,182,4.1,7.2,3.6,139.13,Tour organizado
2451,2024,9,Septiembre,Sillustani,Media,Ninguna,0,Europeo,212,4.1,7.2,3.9,86.09,Transporte propio
2452,2024,9,Septiembre,Sillustani,Media,Ninguna,0,Asiático,67,4.1,7.2,4.1,118.0,Tour organizado
2453,2024,9,Septiembre,Sillustani,Media,Ninguna,0,Latinoamericano,104,4.1,7.2,3.9,47.76,Tour organizado
2454,2024,9,Septiembre,Sillustani,Media,Ninguna,0,Otro,41,4.1,7.2,3.5,75.83,Transporte público
2455,2024,9,Septiembre,Islas Uros,Media,Ninguna,0,Peruano,1052,4.1,7.2,3.5,50.94,Lancha turística
2456,2024,9,Septiembre,Islas Uros,Media,Ninguna,0,Estadounidense,487,4.1,7.2,3.6,97.0,Lancha turística
2457,2024,9,Septiembre,Islas Uros,Media,Ninguna,0,Europeo,678,4.1,7.2,4.1,135.77,Lancha turística
2458,2024,9,Septiembre,Islas Uros,Media,Ninguna,0,Asiático,249,4.1,7.2,3.9,103.98,Tour organizado
2459,2024,9,Septiembre,Islas Uros,Media,Ninguna,0,Latinoamericano,243,4.1,7.2,3.8,66.7,Lancha turística
2460,2024,9,Septiembre,Islas Uros,Media,Ninguna,0,Otro,158,4.1,7.2,4.3,99.09,Lancha turística
2461,2024,9,Septiembre,Isla Taquile,Media,Ninguna,0,Peruano,374,4.1,7.2,3.9,46.39,Tour organizado
2462,2024,9,Septiembre,Isla Taquile,Media,Ninguna,0,Estadounidense,243,4.1,7.2,4.4,106.96,Tour organizado
2463,2024,9,Septiembre,Isla Taquile,Media,Ninguna,0,Europeo,339,4.1,7.2,3.6,136.43,Tour organizado
2464,2024,9,Septiembre,Isla Taquile,Media,Ninguna,0,Asiático,160,4.1,7.2,4.0,70.97,Lancha turística
2465,2024,9,Septiembre,Isla Taquile,Media,Ninguna,0,Latinoamericano,154,4.1,7.2,4.0,57.39,Tour organizado
2466,2024,9,Septiembre,Isla Taquile,Media,Ninguna,0,Otro,59,4.1,7.2,3.9,95.19,Lancha turística
2467,2024,9,Septiembre,Cutimbo,Media,Ninguna,0,Peruano,145,4.1,7.2,3.6,52.13,Tour organizado
2468,2024,9,Septiembre,Cutimbo,Media,Ninguna,0,Estadounidense,28,4.1,7.2,4.0,103.46,Transporte público
2469,2024,9,Septiembre,Cutimbo,Media,Ninguna,0,Europeo,40,4.1,7.2,4.2,80.94,Transporte público
2470,2024,9,Septiembre,Cutimbo,Media,Ninguna,0,Asiático,14,4.1,7.2,4.1,88.43,Tour organizado
2471,2024,9,Septiembre,Cutimbo,Media,Ninguna,0,Latinoamericano,21,4.1,7.2,3.6,71.24,Tour organizado
2472,2024,9,Septiembre,Cutimbo,Media,Ninguna,0,Otro,15,4.1,7.2,3.2,92.62,Tour organizado
2473,2024,9,Septiembre,Pukara,Media,Ninguna,0,Peruano,312,4.1,7.2,3.5,53.86,Transporte propio
2474,2024,9,Septiembre,Pukara,Media,Ninguna,0,Estadounidense,69,4.1,7.2,3.8,138.52,Transporte propio
2475,2024,9,Septiembre,Pukara,Media,Ninguna,0,Europeo,84,4.1,7.2,3.8,134.14,Tour organizado
2476,2024,9,Septiembre,Pukara,Media,Ninguna,0,Asiático,28,4.1,7.2,3.8,120.79,Transporte propio
2477,2024,9,Septiembre,Pukara,Media,Ninguna,0,Latinoamericano,47,4.1,7.2,4.1,63.58,Transporte propio
2478,2024,9,Septiembre,Pukara,Media,Ninguna,0,Otro,22,4.1,7.2,3.6,91.79,Transporte propio
2479,2024,9,Septiembre,Aramu Muru,Media,Ninguna,0,Peruano,67,4.1,7.2,4.0,57.18,Tour organizado
2480,2024,9,Septiembre,Aramu Muru,Media,Ninguna,0,Estadounidense,22,4.1,7.2,4.0,105.3,Transporte público
2481,2024,9,Septiembre,Aramu Muru,Media,Ninguna,0,Europeo,18,4.1,7.2,3.5,94.74,Transporte propio
2482,2024,9,Septiembre,Aramu Muru,Media,Ninguna,0,Asiático,8,4.1,7.2,4.0,101.16,Tour organizado
2483,2024,9,Septiembre,Aramu Muru,Media,Ninguna,0,Latinoamericano,11,4.1,7.2,3.9,78.1,Transporte propio
2484,2024,9,Septiembre,Aramu Muru,Media,Ninguna,0,Otro,7,4.1,7.2,3.2,56.43,Tour organizado
